actual,predicted,probability
0,1,0.6725524
1,0,0.24901712
0,0,0.0052780383
0,0,0.029610366
1,1,0.99041104
0,0,0.2961275
1,1,0.94406015
0,0,0.3408652
0,0,0.33937645
0,0,0.15123095
0,0,0.07938568
1,1,0.98094475
0,0,0.36446854
0,0,0.04288534
0,0,0.037585057
0,0,0.30159765
0,0,0.06593932
0,0,0.1343055
1,1,0.9812593
0,0,0.040760364
1,0,0.3264403
1,1,0.5499322
1,0,0.25488958
0,0,0.034743924
1,1,0.9414488
0,0,0.15830491
0,0,0.26148257
0,0,0.009760007
0,0,0.044295542
0,0,0.30657423
1,1,0.97961205
0,0,0.12400689
0,0,0.0016824979
1,1,0.957549
0,0,0.16930851
0,1,0.7185629
0,0,0.02749713
0,0,0.39605027
0,0,0.098279
0,1,0.5085364
0,0,0.03672049
0,0,0.0075439704
0,0,0.092309624
1,0,0.34031716
1,1,0.9981316
0,0,0.26017994
0,0,0.069106914
0,0,0.16051637
0,0,0.00017798817
0,0,0.27235746
0,0,0.14910889
1,0,0.34577844
0,0,0.266646
0,0,0.24546157
0,0,0.11275675
1,0,0.11794133
0,0,0.43359673
0,0,0.31594318
0,0,0.16244857
0,0,0.17261335
0,0,0.008160964
0,0,0.019802492
0,0,0.071451604
1,1,0.8161547
0,0,0.02498169
0,0,0.059425075
0,0,0.00112884
0,0,0.0164942
0,0,0.2000703
0,0,0.15196173
0,0,0.39146632
1,1,0.955732
0,0,0.06483954
1,1,0.9875168
1,1,0.97728276
0,0,0.13449284
0,0,0.14148594
0,0,0.08838888
1,1,0.9941478
0,0,0.00033968905
1,1,0.9368048
0,0,0.03779262
0,0,0.15782039
0,0,0.009349325
0,0,0.10025124
0,0,0.17842178
0,0,0.18944408
1,1,0.97451425
0,0,0.19226263
0,0,0.06538548
0,0,0.25470886
0,0,0.25883517
0,0,0.10310781
0,0,0.26059735
0,0,0.37049347
0,0,0.15864445
0,0,0.16578028
0,0,0.0003107222
1,1,0.9863223
0,0,0.063214555
0,0,0.25310165
1,1,0.9968202
0,0,0.3470299
0,0,0.07656162
0,0,0.07162022
0,0,0.14857969
0,1,0.58464
1,1,0.9337558
0,0,0.068890065
1,0,0.4031838
0,0,0.059182987
0,0,0.17981878
0,0,0.086142436
0,0,0.096661694
0,0,0.24452506
0,0,0.33485636
1,1,0.9991924
0,0,0.42921486
0,0,0.4877895
0,0,0.22290735
1,1,0.71068674
0,1,0.62853795
0,0,0.19049795
1,1,0.5462073
1,1,0.9899991
0,0,0.023472777
1,1,0.7099832
0,0,0.12478852
1,1,0.96281636
0,0,0.2056845
0,0,0.081697
0,1,0.5851042
0,0,0.123731025
0,0,0.40467593
0,0,0.21110052
0,0,0.18029417
0,0,0.04835564
1,1,0.94770896
0,0,0.4159192
1,0,0.4581066
1,1,0.88494986
0,0,0.17031899
1,0,0.19246559
0,0,0.08507711
0,0,0.18014908
0,0,0.23552336
0,0,0.105629124
0,0,0.11163577
0,0,0.34122542
0,0,0.052696556
0,0,0.02238739
0,0,0.25115874
1,1,0.9903375
0,0,0.30695647
0,1,0.60036165
1,1,0.5199805
0,0,0.06496259
1,1,0.87153053
0,0,0.47776034
1,1,0.9303167
1,1,0.9837398
0,0,0.12961586
1,1,0.98801965
0,0,0.14531215
0,0,0.03060437
1,1,0.53218406
1,1,0.9911067
0,0,0.29816556
1,1,0.5492009
0,0,0.086325884
0,0,0.10334655
0,0,0.028011123
1,1,0.9994394
1,1,0.9982553
0,0,0.24444313
0,0,0.124846734
0,0,0.258404
0,0,0.012661707
0,0,0.29857042
0,0,0.22406428
0,0,0.36882743
0,0,0.112332605
0,1,0.6179046
0,1,0.7598391
0,0,0.35971966
0,0,0.0024410216
0,0,0.21409017
0,1,0.84985286
0,0,0.17209585
0,0,0.043182615
0,0,0.009942265
1,1,0.9833717
0,0,0.002510255
0,0,0.27249983
1,1,0.8382672
1,1,0.97808117
0,0,0.0069810064
0,0,0.329069
0,0,0.10124268
0,0,0.24346381
1,0,0.21195465
0,0,0.4006021
1,0,0.18682726
0,0,0.49469686
0,1,0.685433
1,1,0.99876285
1,1,0.9281327
0,0,0.1707962
0,0,0.115247585
1,1,0.8540845
0,0,0.0025129726
0,0,0.00802218
0,0,0.022870708
1,1,0.9876633
1,1,0.9354514
0,0,0.28970906
0,0,0.20009698
0,0,0.01187983
1,1,0.9556661
0,0,0.0018579343
0,0,0.23495227
0,0,0.08114625
0,0,0.0009847347
0,0,0.0077162115
0,1,0.8063968
0,0,0.0101647
0,0,0.005745227
0,0,0.25292477
0,0,0.42985308
0,0,0.06625465
0,0,0.29586974
0,0,0.025160024
0,1,0.5997958
0,0,0.0677285
0,0,0.28480086
0,0,0.20370433
1,1,0.99881244
0,0,0.006137083
0,0,0.24455534
0,0,0.071393035
0,0,0.11616632
0,0,0.23983563
0,0,0.13393894
0,0,0.22065
0,0,0.19026111
0,0,0.04735857
0,1,0.66455746
1,1,0.9952331
1,0,0.47681147
0,0,0.35373533
0,0,0.10651094
0,0,0.017041802
0,0,0.09423857
0,0,0.010614475
0,0,0.3726469
0,0,0.17122816
0,0,0.01733727
0,0,0.286168
0,0,0.09806483
0,0,0.09104859
0,0,0.06841844
0,0,0.41525558
0,0,0.12322639
0,0,0.0022506895
0,0,0.30935857
0,0,0.281714
0,0,0.012099554
1,1,0.9409384
0,0,0.31911877
1,1,0.95385355
0,0,0.0525887
0,0,0.3485877
0,0,0.19833723
0,0,0.061471697
0,0,0.00044282695
0,0,0.29054472
0,0,0.0012636659
0,0,0.08153986
0,0,0.25314516
1,1,0.9926745
0,0,0.057837095
0,0,0.094790585
1,1,0.9817178
0,0,0.007477841
1,1,0.99190885
0,0,0.0053926357
1,1,0.93054074
0,0,0.31542513
1,0,0.19998488
1,1,0.9930472
1,1,0.9927436
0,0,0.29914057
0,0,0.14704563
1,0,0.2525178
0,0,0.2644599
0,0,0.06712402
0,0,0.036570635
0,0,0.13058656
0,0,0.040510405
1,0,0.0490636
0,0,0.051815145
0,1,0.5796754
0,0,0.29290825
0,0,0.07469757
1,1,0.997969
0,0,0.23068231
0,0,0.062046446
0,0,0.14841148
1,1,0.5119681
1,1,0.88801396
1,1,0.96167505
0,0,0.06827204
0,0,0.27386424
0,0,0.14864756
1,0,0.22078268
0,1,0.5173599
0,0,0.14253123
0,0,0.23426262
0,0,0.29216167
0,0,0.292613
0,0,0.0063540777
0,0,0.31392288
1,1,0.98819983
0,1,0.5643851
1,1,0.96775323
1,1,0.93532497
1,1,0.99629956
0,0,0.2366258
0,0,0.0025767132
0,0,0.088318214
1,0,0.23821999
0,0,0.31121963
0,0,0.30143148
0,0,0.35114333
0,0,0.043252237
1,1,0.91319716
0,0,0.13865633
0,0,0.10014637
0,0,0.15862894
0,0,0.064287215
0,0,0.34265077
0,0,0.025442088
0,0,0.18458018
0,0,0.09750852
0,0,0.0016365243
0,0,0.008103758
1,1,0.9940369
0,0,0.014642986
0,0,0.050265353
0,0,0.26948467
0,0,0.10351077
1,1,0.95836353
1,1,0.9864413
0,0,0.33492675
0,0,0.009322269
0,0,0.19301401
0,1,0.6483534
0,0,0.09609337
0,0,0.26270467
0,0,0.27908978
0,0,0.009910226
1,0,0.43520483
0,0,0.09412996
0,0,0.0058039683
0,0,0.123135716
1,1,0.9601131
0,0,0.3044454
0,0,0.12018024
0,0,0.008529386
0,0,0.1133162
0,0,0.032919887
0,0,0.1849595
0,0,0.08120835
0,0,0.07488294
0,0,0.17653763
0,0,0.108082615
0,0,0.3076852
0,0,0.22065106
0,0,0.17226152
0,0,0.34230676
0,0,0.06850616
1,1,0.9991522
1,1,0.9919059
1,1,0.99816066
0,0,0.33674183
1,1,0.9545007
0,0,0.112168126
0,0,0.42149666
0,0,0.14232571
0,0,0.35149318
0,0,0.24278809
1,1,0.5421919
1,1,0.9348284
1,0,0.13109276
0,0,0.3466918
0,0,0.16185287
0,0,0.26807362
0,0,0.01571251
1,1,0.97868526
0,0,0.13141194
1,1,0.95158565
0,0,0.22786704
0,0,0.24725632
1,1,0.99920493
0,1,0.5803978
1,1,0.98569137
1,1,0.9973441
1,1,0.9894224
0,0,0.32114288
0,0,0.08275078
0,0,0.16908935
0,0,0.3136858
0,0,0.24533623
0,0,0.27438197
0,0,0.21438673
1,0,0.059288576
1,1,0.972154
0,0,0.06829398
0,0,0.004595484
0,0,0.04972362
0,0,0.27555907
0,0,0.006052001
1,1,0.97881776
1,0,0.46392745
0,0,0.21863708
0,0,0.4498137
1,1,0.9876336
0,0,0.01466187
0,0,0.2379052
0,0,0.0022573252
0,0,0.05768883
0,0,0.06375213
0,0,0.29224765
0,0,0.004256476
0,0,0.0040038535
0,0,0.32250905
1,0,0.42398158
0,0,0.010608943
0,0,0.16250631
0,0,0.017989596
0,0,0.0077961264
0,0,0.20356035
0,0,0.3038557
0,0,0.03605256
0,0,0.28950801
0,0,0.45608455
0,0,0.06993668
0,0,0.070335336
0,1,0.53259766
0,0,0.28773722
1,0,0.118311115
0,0,0.044675983
0,0,0.049489584
0,0,0.05566518
0,0,0.48123005
0,1,0.5391224
0,0,0.16749622
0,0,0.19349523
0,0,0.3613953
0,0,0.009883181
0,0,0.105868526
1,1,0.98836434
0,0,0.055589944
0,1,0.64771664
0,0,0.0063868533
1,0,0.33777076
0,0,0.02973065
0,0,0.2551755
0,0,0.030727405
1,1,0.98858565
1,1,0.590066
1,0,0.33442715
0,0,0.15523642
0,0,0.0027909453
0,0,0.4526963
0,0,0.038004834
0,1,0.5092584
0,0,0.2590249
1,0,0.4118866
0,0,0.01431755
1,0,0.3628488
0,0,0.0060498556
0,0,0.2537124
0,0,0.16714232
0,0,0.0050013093
0,0,0.0077395653
1,1,0.86805415
0,0,0.0013194506
0,0,0.088037245
0,0,0.28756273
0,0,0.156537
0,0,0.024119498
0,0,0.04475535
1,1,0.99961084
0,0,0.19921915
1,1,0.9516857
0,0,0.1327942
0,0,0.05990818
0,0,0.003019409
0,0,0.43440464
0,0,0.019274846
0,1,0.93902344
0,0,0.0045303646
0,0,0.33460265
0,0,0.13151921
0,0,0.23721823
0,0,0.0055830455
0,0,0.14623578
0,0,0.06721703
0,0,0.0115015395
0,0,0.13886574
0,0,0.1325651
0,0,0.0060710707
0,0,0.07571769
0,0,0.15001595
0,0,0.15368988
0,0,0.102946945
0,1,0.5045038
0,0,0.053241506
1,1,0.6235754
0,0,0.07824686
0,1,0.57487154
0,0,0.27654845
0,0,0.36841893
0,0,0.18421504
0,0,0.07282989
0,0,0.05677736
0,0,0.17452665
0,0,0.2374682
0,0,0.07612929
0,0,0.0936012
0,1,0.55476695
1,1,0.9528358
0,0,0.1669897
0,0,0.31237984
0,0,0.0035642495
0,0,0.29926708
0,0,0.37592167
0,0,0.10669012
0,0,0.108157046
0,0,0.0028951229
0,0,0.015178645
1,1,0.96153355
0,0,0.21133074
0,0,0.0025021895
0,0,0.19996247
0,0,0.11269238
0,1,0.51237464
0,0,0.13258037
1,1,0.99314994
0,0,0.22776276
1,1,0.98890567
0,0,0.0037344268
1,1,0.91613674
0,0,0.011204229
1,1,0.9602746
0,0,0.44322887
0,0,0.41089818
1,1,0.8811255
1,1,0.9565497
1,1,0.9908766
0,0,0.34654957
0,0,0.12010733
1,1,0.99604166
0,1,0.5439404
0,0,0.23524816
1,0,0.49191725
0,0,0.16539545
0,0,0.3153267
1,1,0.95695966
1,1,0.86333096
0,0,0.060344376
1,0,0.08943099
1,0,0.42338914
0,0,0.3641935
0,0,0.012386741
1,1,0.98954237
0,0,0.07074989
1,1,0.9814385
0,0,0.15114002
0,0,0.4261947
1,1,0.9693862
0,0,0.10806078
0,0,0.18353295
0,0,0.31056985
0,0,0.02738973
1,1,0.98427135
0,0,0.005730711
0,0,0.29178253
0,0,0.04372053
0,0,0.31956682
0,0,0.3756035
1,1,0.90557224
0,0,0.03735534
0,0,0.42939898
0,0,0.12730247
0,0,0.44202587
0,0,0.43808237
1,1,0.9901149
0,0,0.3185638
1,0,0.42502397
0,0,0.08545475
0,0,0.20042095
0,0,0.043652218
1,0,0.43311366
0,0,0.16813782
0,1,0.6673501
0,0,0.4543925
1,1,0.91522527
0,0,0.002943455
0,0,0.060436804
1,0,0.29207978
0,0,0.13346241
0,0,0.1393772
0,0,0.021036517
0,0,0.101921245
0,0,0.16928253
0,0,0.33526427
0,0,0.11605862
1,1,0.9874659
1,0,0.38401386
0,0,0.07973994
0,0,0.24357556
0,0,0.14384635
1,1,0.9891031
0,0,0.19643418
0,0,0.036453366
0,0,0.030716754
0,0,0.2092247
0,0,0.058211196
0,0,0.24147917
0,0,0.082139336
1,1,0.9813843
0,0,0.020592421
0,0,0.060301166
0,0,0.09575261
0,0,0.0052994816
1,1,0.9338799
0,0,0.09164813
0,0,0.051948242
1,1,0.70781744
1,0,0.37071452
0,0,0.41963273
0,0,0.02575403
0,0,0.06386962
0,0,0.07832284
0,0,0.17808427
0,0,0.1276974
0,0,0.13848548
0,0,0.003830105
1,0,0.26106414
0,1,0.68241143
0,0,0.2197511
1,1,0.999153
0,0,0.01475358
0,0,0.028896702
0,0,0.3640159
1,0,0.26373944
0,1,0.55279493
0,0,0.013864188
1,1,0.9438932
0,0,0.098695666
0,0,0.0031722274
1,1,0.9921802
1,1,0.9932266
0,0,0.26910928
1,0,0.23948364
0,0,0.009765535
1,1,0.6845893
0,0,0.16420335
1,1,0.9644588
0,0,0.0045310035
0,0,0.17075741
0,0,0.03339626
1,1,0.9898151
0,0,0.21134117
1,1,0.9880015
0,0,0.12223046
0,0,0.2129564
0,0,0.1982655
0,0,0.10740814
0,0,0.4427836
1,1,0.98334044
1,0,0.24924238
0,0,0.33463156
0,0,0.1139863
0,0,0.07352795
0,1,0.57527626
1,1,0.99731076
0,0,0.053488497
1,1,0.99920005
0,0,0.0051205433
0,0,0.24811965
0,0,0.40381473
0,1,0.7274756
0,0,0.32765228
0,0,0.11177362
0,0,0.002106044
0,0,0.093453474
0,0,0.041329797
0,0,0.2593871
0,0,0.058023747
0,0,0.02338225
0,0,0.19401357
0,0,0.086772285
0,0,0.15736508
0,0,0.007221152
0,1,0.5865921
1,1,0.9923153
0,0,0.18679066
0,0,0.072352186
0,0,0.09965412
0,0,0.007096355
1,1,0.73837584
0,0,0.31213033
0,0,0.007902822
0,0,0.12911035
0,0,0.117409
0,0,0.019069202
0,0,0.018570857
0,0,0.08718384
0,0,0.30036762
0,0,0.375881
0,0,0.22805834
1,1,0.99105024
0,0,0.1632029
0,0,0.008593871
0,0,0.43574396
0,0,0.040920872
0,0,0.21363409
0,0,0.14478499
0,0,0.32082707
1,0,0.45696884
0,0,0.31221035
0,0,0.13809352
0,0,0.3159674
0,0,0.34304005
0,0,0.17442147
0,0,0.32742712
1,1,0.959784
1,1,0.95487016
0,0,0.17532207
0,0,0.2547479
0,0,0.49991834
0,0,0.04289315
0,0,0.07385239
1,1,0.9877487
0,0,0.22795302
0,0,0.07368488
0,0,0.27194706
1,1,0.50103647
0,0,0.35476136
1,1,0.9857815
0,0,0.05248045
0,0,0.008701515
0,0,0.1943927
0,0,0.19503327
0,0,0.04435525
0,0,0.008022047
0,0,0.31617266
1,0,0.138541
0,0,0.011681069
0,0,0.008902149
0,0,0.38114807
0,0,0.24958865
0,0,0.005681501
0,0,0.028871976
0,0,0.10054192
1,1,0.9996439
0,0,0.15989867
0,0,0.009911349
1,1,0.99803334
0,0,0.1313428
1,0,0.10733402
1,1,0.99750036
0,0,0.3345353
1,1,0.9920031
0,0,0.0061458577
0,0,0.47277358
0,0,0.23750043
0,0,0.25481835
0,0,0.061515704
0,0,0.107438326
1,1,0.849812
1,1,0.9833513
0,0,0.1269076
0,0,0.032568187
0,0,0.15631606
0,0,0.06402805
0,0,0.22032726
0,0,0.012611256
0,0,0.40706927
0,0,0.11567906
0,0,0.3392318
0,0,0.037352737
0,0,0.040762797
0,0,0.17506465
0,0,0.050714776
1,1,0.9981104
0,0,0.0046549155
0,0,0.34108102
0,0,0.074528046
0,0,0.16010599
0,0,0.13489544
0,0,0.24423304
0,0,0.0976068
0,0,0.3113315
0,0,0.2937563
0,0,0.12960082
1,1,0.92414576
1,1,0.97504425
0,0,0.13798307
0,0,0.12000779
0,0,0.18031648
0,0,0.006211401
0,0,0.2558577
1,1,0.9628944
1,1,0.99688464
1,0,0.39063287
1,1,0.73543644
0,0,0.051811405
0,0,0.30228513
0,0,0.12175927
0,0,0.12216907
0,0,0.01105694
1,1,0.94176364
1,0,0.28705284
0,0,0.107550494
0,0,0.43900308
0,0,0.17440528
1,1,0.98528486
1,1,0.9985936
0,0,0.10002547
0,0,0.45881224
0,1,0.5807711
0,0,0.19121318
0,0,0.1844702
0,0,0.23813586
0,0,0.29327235
0,0,0.15195526
0,0,0.144103
0,0,0.26791185
0,0,0.04613983
0,0,0.14273421
0,0,0.018049164
0,0,0.16495125
0,0,0.009950539
0,0,0.15876473
0,0,0.24149536
0,0,0.049273394
1,1,0.99007833
0,0,0.3203708
1,0,0.41421387
0,0,0.42182535
0,0,0.21303661
0,1,0.714732
0,0,0.15162726
1,0,0.4763045
0,0,0.3992271
1,1,0.97519046
0,0,0.14222042
1,0,0.28727123
1,1,0.9793178
0,1,0.67638755
0,0,0.21875766
0,0,0.04376234
0,0,0.41995138
0,0,0.12569787
0,0,0.11383681
0,0,0.20129314
1,1,0.77383614
0,0,0.27705625
0,0,0.24275115
0,0,0.025855888
0,0,0.011349781
0,0,0.08152256
0,0,0.06501192
0,0,0.29338962
0,0,0.06727462
1,0,0.46105722
0,0,0.024829159
0,0,0.0027380914
0,0,0.20187782
0,0,0.1487594
0,0,0.18559632
0,1,0.64979804
0,0,0.23737316
0,0,0.13457422
0,0,0.00094427087
0,0,0.013246298
0,1,0.60545754
0,0,0.4502217
0,0,0.045360487
1,0,0.14398924
0,0,0.009422888
1,1,0.9831671
0,0,0.25238818
0,0,0.07210731
1,0,0.25256917
0,0,0.015058951
0,0,0.4511695
0,0,0.10013363
0,0,0.04440981
1,0,0.20895743
1,1,0.9831457
0,0,0.28225285
0,0,0.11199025
0,0,0.005586761
0,0,0.094410695
0,0,0.007892474
0,0,0.26753777
0,0,0.18346971
1,1,0.98645043
1,1,0.9919043
0,0,0.07087643
0,0,0.14889753
0,0,0.13041723
0,0,0.21810663
0,0,0.24165612
0,0,0.056815065
0,0,0.0037151338
0,0,0.0049072867
0,0,0.14397396
0,0,0.13629803
0,0,0.08367452
0,0,0.1266074
0,0,0.14769357
0,0,0.219404
0,0,0.091781765
1,1,0.99079996
0,0,0.2319237
0,0,0.13381496
0,0,0.27698442
0,0,0.32201463
1,1,0.63306975
1,1,0.94286114
0,0,0.16365665
0,0,0.18755275
1,1,0.8629674
0,0,0.049985394
0,1,0.5183159
1,1,0.9939014
1,1,0.97149974
0,0,0.034788284
0,0,0.15003406
0,0,0.46243653
0,0,0.3441823
0,0,0.12371825
0,0,0.017289657
0,0,0.2522129
0,0,0.39900994
0,0,0.1009028
0,0,0.4503935
0,0,0.00018298914
0,0,0.25254947
0,0,0.13544244
0,0,0.18205784
1,1,0.8169977
0,0,0.0071729724
0,1,0.7295702
0,0,0.3343741
0,0,0.08653246
0,0,0.09121257
0,0,0.005665708
1,1,0.92944366
0,0,0.3667439
0,0,0.01805099
0,0,0.1630379
1,1,0.9242087
0,0,0.29952005
0,0,0.099780545
0,0,0.16296902
0,0,0.31448126
1,0,0.098143816
0,0,0.38362992
0,0,0.1295642
0,0,0.010753581
0,0,0.02656245
0,0,0.052738946
0,0,0.08028337
1,1,0.78734726
0,0,0.025892412
0,0,0.25302568
0,0,0.12761246
0,0,0.13893436
0,0,0.22977526
0,1,0.525737
0,1,0.61465615
0,0,0.37675315
1,1,0.82541144
0,0,0.00801952
0,0,0.3348408
0,1,0.5089558
0,0,0.35111743
0,0,0.19963242
0,0,0.27871022
0,0,0.0005901758
0,0,0.03810294
0,0,0.11125615
0,0,0.021237241
1,1,0.691191
0,0,0.039204303
0,0,0.046129536
1,1,0.9893171
0,0,0.0067652385
0,0,0.18974921
0,0,0.08698266
0,0,0.18756437
0,0,0.18081273
1,1,0.9768818
0,0,0.06420411
0,0,0.2850033
0,0,0.12865904
0,0,0.087078765
0,0,0.065852225
0,0,0.0027030716
0,0,0.0049644564
0,0,0.06005132
0,0,0.101214826
1,1,0.93429863
0,0,0.17932308
0,0,0.09429592
0,0,0.11799317
0,0,0.0063439305
0,0,0.13156109
0,0,0.21029447
0,0,0.46751404
1,1,0.99494654
0,0,0.13724022
0,0,0.16963674
0,0,0.1255485
0,0,0.11984727
0,0,0.14953461
0,0,0.42545554
0,0,0.3473461
0,0,0.002874255
0,0,0.07118433
0,0,0.073153295
1,1,0.98742175
0,0,0.17409393
0,0,0.30662167
0,0,0.18119471
0,0,0.16542809
0,0,0.47313046
1,0,0.42902467
0,0,0.21994129
1,1,0.94036883
0,1,0.57270914
0,0,0.15834713
1,1,0.99135476
1,1,0.55645037
0,0,0.06734251
0,0,0.26434684
0,0,0.018335423
1,1,0.9872097
0,0,0.042602096
0,0,0.15955764
0,0,0.38050953
0,0,0.050400294
1,1,0.92697126
0,0,0.17240213
0,0,0.036872547
0,0,0.22471273
0,0,0.1072903
0,0,0.007302208
0,1,0.6599626
1,1,0.95682824
0,0,0.09274348
0,1,0.6491171
1,1,0.9997595
0,0,0.24788979
1,1,0.9875553
0,0,0.10349588
0,0,0.001838521
0,0,0.046909172
0,0,0.1783731
0,0,0.15494137
0,0,0.04919235
1,1,0.59632105
0,0,0.25968942
1,1,0.9856287
0,0,0.14257018
0,0,0.002551182
0,1,0.55735594
0,0,0.020568576
0,0,0.4949106
0,0,0.09759869
0,0,0.08218851
0,0,0.14428483
0,0,0.021554945
0,0,0.0051963786
0,0,0.009145039
1,0,0.34047428
0,0,0.098336525
1,1,0.96552527
0,0,0.0043657445
0,0,0.0022552074
1,1,0.99116266
0,0,0.42733064
0,0,0.13714115
0,0,0.0032841736
0,0,0.050034557
0,0,0.10956313
0,0,0.25248635
0,0,0.122430176
0,0,0.16378295
0,0,0.113462076
0,0,0.3975351
0,0,0.15225978
0,0,0.033707622
1,1,0.97270286
1,1,0.9856209
0,0,0.015748933
0,0,0.0009437663
0,0,0.061019845
0,0,0.49869195
1,1,0.97523355
0,0,0.12738869
0,0,0.26660636
0,0,0.1658604
0,0,0.14619736
1,0,0.20633811
0,0,0.19644131
0,0,0.020331005
0,0,0.07817048
0,0,0.24874534
0,0,0.2002803
1,1,0.997482
0,0,0.07976854
0,0,0.06494075
1,1,0.96414155
0,0,0.49749073
0,0,0.20640364
0,0,0.0051789437
1,1,0.51391745
0,0,0.0836021
0,0,0.20767042
0,0,0.20117944
0,0,0.00059756514
1,0,0.10076804
0,0,0.28689548
1,1,0.99979883
0,0,0.009630586
0,0,0.21541145
0,0,0.082613714
1,1,0.89631915
0,0,0.17365651
0,0,0.0770567
0,0,0.10111903
0,0,0.12714061
0,0,0.08819995
0,0,0.05119749
0,0,0.4838476
0,1,0.6737564
0,0,0.403576
0,0,0.14857846
0,0,0.16602212
0,1,0.7798147
1,1,0.9973586
0,0,0.13941993
0,0,0.18582664
0,0,0.04737876
0,0,0.13071461
0,0,0.06791378
0,0,0.33923164
0,0,0.2251605
1,1,0.9271388
0,0,0.0011645379
0,0,0.022574518
0,0,0.31623408
1,1,0.99763346
0,0,0.22352473
1,1,0.990092
1,1,0.97830486
0,0,0.35683697
1,0,0.07966312
0,0,0.27940476
0,0,0.012837103
1,1,0.98857236
0,0,0.14197007
0,0,0.056733437
1,0,0.28637493
0,0,0.48818058
0,0,0.3207296
1,1,0.96383446
1,1,0.9913856
0,0,0.23600067
0,0,0.11998645
1,1,0.9333434
0,0,0.23169842
0,0,0.46014202
0,0,0.21875577
0,0,0.032866795
0,0,0.17290145
0,0,0.09359316
0,0,0.08736926
1,1,0.8444198
0,0,0.030298078
1,1,0.99939275
0,0,0.20171143
0,0,0.3319828
0,0,0.038697
1,1,0.99903893
0,0,0.17218113
1,1,0.9915462
0,0,0.46028957
0,0,0.08029086
0,0,0.07640063
1,1,0.9884107
0,0,0.034456395
0,0,0.2356674
0,0,0.13947263
0,0,0.11988236
0,0,0.19127765
0,0,0.022164088
0,0,0.13079286
0,0,0.10018657
0,0,0.00999209
0,0,0.0063654045
0,0,0.13477951
0,0,0.06479408
0,0,0.45040745
0,0,0.072060615
0,0,0.30578485
0,0,0.083139576
0,0,0.0042044376
0,0,0.12854446
0,0,0.029202258
0,0,0.1298119
1,0,0.04342242
0,0,0.012939606
0,0,0.06748871
0,0,0.06589454
0,0,0.14314215
0,0,0.02304366
0,0,0.26781207
0,0,0.25474828
0,0,0.16042356
1,1,0.98475677
0,1,0.6914756
0,1,0.8212469
0,0,0.27464634
0,0,0.14930041
0,0,0.4349485
0,0,0.03923897
0,0,0.00026546736
0,0,0.022439286
0,0,0.42910895
0,0,0.00900648
1,1,0.97820264
0,0,0.0499455
0,0,0.0037840605
0,0,0.22302435
1,1,0.70078045
0,0,0.15693358
1,1,0.9853005
1,1,0.99664104
0,0,0.06372193
1,1,0.97440195
0,0,0.0031383561
0,0,0.12088987
0,0,0.054476105
0,0,0.4151373
0,0,0.16732612
0,0,0.15727712
0,0,0.008941119
1,1,0.9765747
0,0,0.16573401
1,1,0.996714
1,1,0.8165263
0,0,0.2608184
0,1,0.6083793
1,1,0.96331733
1,1,0.9326653
0,0,0.13988365
0,0,0.03632265
0,0,0.16613992
0,0,0.28900552
1,1,0.9713047
0,0,0.36893722
0,0,0.08637743
0,0,0.019013945
0,0,0.04065598
0,0,0.4264421
0,0,0.10040617
0,0,0.0048062983
0,0,0.027482744
1,1,0.9918419
0,0,0.19278483
0,0,0.1729128
1,1,0.99180764
1,1,0.93112195
0,0,0.03531439
0,0,0.13932094
0,0,0.006818253
0,0,0.09415692
0,0,0.11335219
0,0,0.31976694
0,0,0.2549656
0,0,0.16209908
0,0,0.22643399
0,0,0.15194592
0,0,0.12814195
0,0,0.041362308
0,0,0.0020400535
0,0,0.4464271
1,1,0.98259985
0,0,0.012438988
0,0,0.11081819
1,1,0.9991054
1,1,0.98928434
0,0,0.0018030205
0,0,0.008240403
0,0,0.10652415
0,0,0.23381159
1,0,0.2031216
0,0,0.0019678364
1,1,0.9824399
0,0,0.4684038
1,1,0.99625516
0,0,0.4187797
0,0,0.100700706
0,0,0.043255907
0,0,0.0059724916
1,0,0.43782088
0,0,0.006077266
0,0,0.0929285
0,1,0.7139897
1,1,0.9860335
1,1,0.9951631
1,1,0.896414
0,0,0.18686213
1,0,0.062623926
1,1,0.98690575
0,0,0.042814806
1,1,0.9473604
0,0,0.0079113925
0,0,0.15905912
0,0,0.010901469
0,0,0.20750743
0,0,0.0033870072
1,1,0.8661671
0,0,0.26167718
0,0,0.09554687
0,0,0.11750739
0,0,0.09794789
0,0,0.011650309
0,0,0.2000726
1,1,0.97817516
1,1,0.9839841
0,0,0.3817782
0,0,0.12600599
1,1,0.988246
1,1,0.99481684
0,1,0.51924264
0,0,0.2678364
0,0,0.028425504
0,0,0.09865249
0,0,0.10821427
0,0,0.10363921
0,0,0.069300316
1,1,0.8859463
1,0,0.36751524
0,0,0.3727998
1,0,0.41784084
0,0,0.40520757
0,0,0.094693474
0,1,0.6315988
0,0,0.0069205277
0,0,0.11290267
0,0,0.016454179
0,0,0.2928603
0,0,0.42093757
0,0,0.26422098
1,1,0.8050095
0,0,0.14805914
0,0,0.13397273
0,0,0.17717391
1,1,0.99150264
0,0,0.11899183
0,0,0.037761595
1,0,0.09504184
0,0,0.24995846
1,1,0.9686623
0,0,0.0038455513
0,0,0.23362002
0,0,0.05730529
0,0,0.016140979
0,0,0.052388765
0,0,0.17659327
1,1,0.55800074
1,1,0.87471485
0,1,0.5723712
0,0,0.024300762
0,0,0.008032101
1,1,0.7331801
0,1,0.63069147
0,0,0.015895857
0,0,0.010326082
0,0,0.15349115
1,1,0.6548803
1,1,0.976045
0,0,0.29455975
0,0,0.02074772
1,0,0.37338853
0,0,0.40706223
0,0,0.3316439
0,0,0.059325326
0,0,0.034698773
0,0,0.027403954
0,0,0.017494012
0,0,0.2585234
0,0,0.046993803
0,0,0.29244727
0,0,0.021150267
0,0,0.1587363
0,0,0.10864047
0,0,0.09581827
0,0,0.060627338
0,1,0.69255716
0,0,0.10555269
0,0,0.38845024
0,0,0.028922364
0,0,0.123219155
1,0,0.4506098
0,0,0.2626365
0,0,0.24712667
1,1,0.9703528
0,0,0.027899312
0,0,0.0053968653
0,0,0.30912036
0,0,0.21102163
0,0,0.3680236
0,0,0.15507111
0,0,0.08439174
0,1,0.52288973
0,0,0.30578303
0,0,0.20024826
0,0,0.4194753
1,1,0.9061371
0,0,0.015403191
0,0,0.3173087
0,0,0.013182038
0,0,0.21094234
0,0,0.47939932
1,1,0.9741039
0,0,0.00034281285
1,1,0.9174479
0,0,0.04570693
0,0,0.018107956
0,0,0.100455515
0,0,0.008846322
0,0,0.08628608
0,0,0.3055622
0,0,0.097229056
0,0,0.31365883
0,0,0.07575482
0,1,0.50547254
0,0,0.10883102
0,0,0.0018991125
1,0,0.39943212
1,1,0.95719
1,1,0.9223358
0,0,0.032035973
0,0,0.3233019
0,0,0.35868794
0,0,0.09853648
0,0,0.01513844
1,1,0.97382754
0,0,0.07344425
0,0,0.09257443
0,0,0.002718272
0,0,0.0059128706
0,0,0.0010741507
0,0,0.3104265
0,0,0.008929827
0,0,0.0551368
1,0,0.38863856
0,0,0.00035473212
0,0,0.14884818
0,0,0.21594724
0,0,0.33150235
0,0,0.16591832
1,1,0.9754185
0,0,0.0021012942
0,0,0.10967842
0,0,0.15107739
0,0,0.2835594
0,0,0.18463138
1,1,0.9767768
1,1,0.9981353
0,0,0.2119871
1,1,0.993501
1,1,0.9987539
0,1,0.69070673
0,0,0.22105916
1,1,0.98448944
0,0,0.2295867
0,0,0.08643624
1,1,0.9576272
0,0,0.19617295
1,0,0.49440458
0,0,0.0056006513
0,0,0.27894482
0,0,0.0792572
0,0,0.20552796
1,1,0.9554085
1,1,0.9496149
0,1,0.6034942
1,1,0.8358163
0,0,0.049409233
0,0,0.005344176
0,1,0.7124844
0,0,0.24534877
0,0,0.031592563
0,0,0.16028595
0,1,0.5353735
0,0,0.010588562
0,0,0.0058350153
0,1,0.5547325
0,0,0.18418251
0,1,0.501495
0,1,0.5280276
1,1,0.96332777
0,0,0.045689892
0,0,0.07026528
0,0,0.009004356
0,0,0.3815477
0,0,0.0017310015
0,0,0.25470743
0,0,0.000286073
0,0,0.15725157
1,0,0.050460827
0,0,0.22484604
0,0,0.139801
0,1,0.82174814
0,0,0.23032148
0,0,0.39557725
0,0,0.14502767
0,0,0.01351959
1,1,0.99947184
1,0,0.18146232
0,0,0.26462996
0,0,0.13123453
1,1,0.94190174
0,1,0.70273954
0,0,0.00063785503
0,0,0.13247477
1,0,0.26227897
0,0,0.14997405
1,1,0.99011785
0,0,0.029080117
0,0,0.029626762
0,0,0.12088226
0,0,0.08378042
1,1,0.989771
0,0,0.3103903
0,0,0.29258415
0,0,0.0051537547
0,0,0.10115513
0,0,0.17539732
0,0,0.035086084
0,1,0.5600597
1,1,0.9854533
0,0,0.06992228
1,1,0.85130614
0,1,0.55836546
1,1,0.9921422
1,0,0.26651138
0,0,0.098351605
0,0,0.27750227
0,0,0.28360596
0,0,0.24060857
0,0,0.11835753
0,0,0.067798324
0,0,0.13063541
0,0,0.09208545
0,0,0.014943119
0,0,0.2331909
0,0,0.019825766
0,0,0.0043535517
0,0,0.095810875
0,0,0.018003551
0,0,0.2774527
0,0,0.30662778
0,0,0.49069455
0,0,0.28553164
0,0,0.2291476
0,0,0.117718615
0,0,0.29951054
0,0,0.056208614
1,1,0.9950724
0,0,0.08179366
1,1,0.5918053
0,0,0.0019078656
0,0,0.4362906
0,0,0.04908888
0,0,0.002716813
0,0,0.0055206297
1,0,0.3842658
0,0,0.12559313
0,0,0.006863066
0,0,0.06900876
0,0,0.038984537
1,1,0.9776818
0,0,0.31133908
0,1,0.56400573
0,0,0.20766184
0,0,0.00783265
0,0,0.3395938
0,0,0.09398685
0,0,0.13980992
1,1,0.5271244
0,0,0.2805953
0,0,0.2665401
0,0,0.27115405
0,0,0.27372864
0,0,0.18906848
1,0,0.34621203
1,1,0.9805269
1,1,0.98802793
0,0,0.19828638
0,0,0.011460885
0,0,0.25637433
0,0,0.28296834
0,0,0.033633966
0,0,0.099925905
1,1,0.99045396
0,0,0.0941509
0,0,0.26367456
0,0,0.10752692
0,0,0.14679599
0,0,0.17422579
0,0,0.3281214
0,0,0.07998442
0,0,0.0621798
1,1,0.98701143
1,1,0.99291384
0,0,0.042026002
0,0,0.030477626
0,1,0.5099626
1,0,0.3469738
1,0,0.4363914
0,0,0.07951383
0,0,0.01769679
0,0,0.048584852
1,1,0.84605473
0,1,0.9093903
1,1,0.97457236
1,1,0.94192725
0,0,0.00302285
0,0,0.42147592
0,0,0.0048433775
0,0,0.29349124
0,0,0.13601899
0,0,0.012716475
1,1,0.98575944
0,0,0.25164828
1,1,0.896343
0,0,0.17630458
0,0,0.2047795
0,0,0.49847218
0,0,0.30851093
0,0,0.16613784
0,0,0.11080012
1,1,0.9969081
0,0,0.053716045
0,0,0.04618393
1,1,0.6439011
0,0,0.27678606
1,1,0.9999062
1,1,0.99116313
0,0,0.37314332
0,0,0.017147472
0,0,0.22790445
1,1,0.9805633
0,0,0.08646827
1,1,0.99376327
1,1,0.9702533
0,0,0.0036702678
0,0,0.2897121
1,1,0.98239994
0,0,0.0042356583
0,0,0.007540744
0,0,0.26779985
0,0,0.033283293
0,0,0.12104641
1,0,0.16350542
0,0,0.35827798
0,0,0.015788777
1,1,0.90266263
1,1,0.9961695
0,0,0.099416
0,0,0.053378988
1,0,0.3221157
0,0,0.11206261
0,0,0.1297396
0,0,0.04813418
1,1,0.9986357
1,1,0.980824
1,1,0.9923389
0,0,0.2274514
1,1,0.9675147
0,0,0.011037988
1,1,0.9886207
0,1,0.63433754
0,0,0.1714577
0,0,0.21361746
0,0,0.06671538
0,0,0.13563119
1,1,0.9848764
0,0,0.27752045
0,0,0.057894554
0,0,0.2065028
0,0,0.099829
0,0,0.00965169
0,0,0.20194218
0,0,0.010002128
0,0,0.07974041
0,0,0.014872763
1,1,0.8737646
0,0,0.06524425
0,0,0.06356542
0,0,0.12487613
0,0,0.18102185
0,0,0.44398
0,0,0.055957515
1,1,0.9983059
0,0,0.01064799
1,1,0.98675066
0,0,0.004329294
0,0,0.036514085
0,0,0.3736829
0,0,0.08393268
0,0,0.020108173
0,0,0.016356729
0,0,0.072897755
1,0,0.20354109
0,0,0.17238168
0,0,0.06614421
1,0,0.29832742
1,1,0.9890009
0,0,0.08364129
0,0,0.2646584
1,1,0.8753209
0,0,0.18392761
1,0,0.12875299
0,0,0.09066765
0,1,0.53947484
0,0,0.114037305
0,1,0.6366209
0,0,0.35195196
0,0,0.40515932
0,0,0.14051399
0,0,0.38190714
0,0,0.2349871
1,1,0.9851821
0,0,0.121077254
1,1,0.972911
1,0,0.32105035
1,1,0.99537694
1,1,0.9994778
0,0,0.19250618
0,0,0.010924074
0,1,0.5011782
0,0,0.17403708
0,0,0.04041819
1,1,0.7888507
0,0,0.03579524
0,0,0.4499436
1,1,0.9392013
0,0,0.30134955
0,0,0.13827015
0,0,0.14859533
0,1,0.7856257
0,0,0.172325
0,0,0.24219668
0,0,0.408357
0,0,0.48332578
0,0,0.17593727
0,0,0.02568725
0,0,0.46190342
0,0,0.1297578
1,1,0.9817315
1,1,0.9842047
0,1,0.5747011
0,0,0.006375594
0,0,0.47734892
0,0,0.23732191
1,1,0.97923434
0,0,0.1672296
1,0,0.39468187
0,0,0.0029370817
0,0,0.18501845
1,1,0.96281505
0,0,0.00602712
0,0,0.108738676
0,0,0.0037398858
0,0,0.040064152
0,0,0.49065012
1,1,0.5585186
0,0,0.1785547
0,0,0.009773662
0,0,0.2949462
0,0,0.018200617
0,0,0.16581616
0,0,0.099295676
0,0,0.18310882
0,0,0.14405882
1,0,0.32509655
0,0,0.002804328
0,0,0.030689234
1,0,0.30232698
0,0,0.2881708
0,0,0.009422065
0,0,0.009309731
0,0,0.19625552
1,1,0.9778672
0,0,0.02678021
0,0,0.16077013
1,1,0.98656476
0,0,0.29342985
0,0,0.023902128
0,0,0.17542508
0,0,0.14397281
0,0,0.00044065708
0,0,0.22875547
0,1,0.54802006
0,1,0.93567467
0,0,0.062215835
1,1,0.99019265
1,1,0.98918825
0,0,0.027731683
0,0,0.1839431
0,0,0.10975706
0,0,0.2836896
1,1,0.9471869
0,0,0.0035138016
1,1,0.96754843
0,0,0.27993825
1,1,0.9732904
1,1,0.9510129
0,0,0.02537206
0,0,0.30663884
1,1,0.9930734
0,0,0.34780264
1,1,0.9246811
1,1,0.99160975
1,1,0.50649476
0,0,0.1969827
0,0,0.005102093
0,0,0.041301753
0,0,0.18199039
0,0,0.08297849
0,0,0.038396887
1,1,0.9893665
0,0,0.38165402
0,0,0.11668238
0,0,0.11231671
0,0,0.4484799
0,0,0.4429301
1,1,0.91821796
0,0,0.06574494
0,0,0.49116305
0,0,0.15284193
1,1,0.9906583
0,1,0.762439
0,0,0.00612147
1,0,0.3725294
0,0,0.0016216448
0,0,0.2631293
0,0,0.09442639
1,1,0.92821443
0,0,0.01734803
1,1,0.97089946
0,0,0.0017823287
0,0,0.0019488976
0,0,0.11678252
0,0,0.18622603
0,0,0.08033126
0,0,0.13956212
0,0,0.42961058
0,0,0.10573017
0,0,0.3041567
1,1,0.72676724
0,0,0.19729735
1,1,0.9159117
0,1,0.5289708
0,0,0.36913133
1,1,0.9629691
0,0,0.04176243
0,0,0.43529147
0,0,0.025655033
0,0,0.1999293
0,0,0.044945356
0,0,0.11214904
0,0,0.011972521
0,0,0.0042966944
0,0,0.36067483
0,0,0.10074986
1,0,0.20168886
0,0,0.01966737
0,0,0.3773934
0,0,0.066219926
0,0,0.2248349
0,0,0.35814652
0,0,0.006887569
0,0,0.11835582
0,0,0.08498861
0,0,0.26653025
1,1,0.9585049
0,0,0.14228359
1,1,0.9433224
0,0,0.2313966
0,0,0.019553736
0,0,0.22174017
0,0,0.17707445
1,1,0.9963814
0,0,0.38463685
0,0,0.1706852
0,0,0.48172396
0,0,0.006901449
0,0,0.0040460364
0,0,0.133018
1,1,0.9858897
0,0,0.31913102
0,0,0.44605148
0,1,0.6515627
0,0,0.115376346
1,1,0.9392925
1,1,0.93966424
0,0,0.43112642
1,1,0.98618734
0,0,0.14453408
0,0,0.018723225
0,0,0.00014444899
0,0,0.12774223
0,0,0.08346984
0,0,0.02594505
0,0,0.15083638
0,1,0.53751373
1,1,0.97617984
1,1,0.5514149
0,0,0.39530307
0,0,0.37988573
0,0,0.00022772739
0,0,0.120511614
0,0,0.23402601
0,0,0.08652704
1,1,0.93029463
0,0,0.065713145
1,0,0.327909
0,0,0.22310778
0,0,0.10095551
1,1,0.99796957
1,1,0.9888242
0,0,0.0062140296
1,1,0.8402758
0,0,0.025624007
0,0,0.1212555
0,0,0.43030706
0,0,0.045525093
0,0,0.37259284
0,0,0.43942094
0,0,0.03667349
0,0,0.004367335
0,0,0.005428609
1,1,0.9923322
0,0,0.2803931
0,0,0.37848875
0,0,0.27520713
0,0,0.44596088
1,0,0.24257314
0,0,0.0014673566
0,0,0.120662756
0,0,0.08902798
0,0,0.18691596
0,0,0.25810838
0,0,0.0017827146
0,1,0.50216967
0,0,0.10549329
0,0,0.13291273
0,0,0.19622138
1,1,0.9894057
0,0,0.17579934
0,0,0.3641162
0,0,0.0219872
1,1,0.9863485
0,0,0.21904746
1,1,0.941977
0,0,0.3815829
0,0,0.14449294
0,0,0.02560402
0,0,0.02941513
0,0,0.03284824
0,0,0.14688434
0,0,0.18941224
0,0,0.08034045
0,1,0.84435296
0,0,0.1582241
0,0,0.41430888
0,0,0.4764534
0,0,0.041893512
0,0,0.019629478
0,0,0.18848467
1,1,0.9998864
0,0,0.2711521
0,0,0.16820998
0,1,0.8405527
0,0,0.14030167
1,1,0.9666969
0,0,0.080567054
0,0,0.12978351
0,0,0.22570167
0,0,0.021563258
0,0,0.00047150976
0,0,0.019983074
1,1,0.98245585
0,0,0.08065485
0,0,0.022901528
1,1,0.99805164
0,0,0.18433993
1,1,0.9797942
0,0,0.32980776
0,0,0.13795313
0,0,0.22881293
1,0,0.493386
0,0,0.06720334
0,0,0.35646465
0,0,0.011218136
0,0,0.16150278
0,0,0.0036756997
0,0,0.2157651
0,0,0.0050963284
1,1,0.91877735
0,0,0.3081696
0,0,0.23380348
0,0,0.083937615
0,0,0.07798155
1,1,0.9900119
0,0,0.26321933
0,0,0.1842141
0,0,0.10743299
0,0,0.010986367
0,0,0.026372312
0,0,0.051733337
0,0,0.042026926
1,1,0.98039746
0,0,0.013536905
0,0,0.0030681987
1,0,0.16486554
1,1,0.9856656
1,0,0.37912828
0,0,0.38509455
1,1,0.97142595
1,1,0.9869537
0,0,0.115965985
1,1,0.9880889
0,0,0.0056022475
0,0,0.17240289
0,0,0.1820895
0,0,0.07486413
1,1,0.9624734
0,0,0.00920656
1,1,0.95073587
0,0,0.027778741
1,1,0.9257205
0,0,0.018201908
0,0,0.21196753
0,0,0.12731269
1,1,0.98242885
0,0,0.15973538
0,0,0.015325031
0,0,0.19738959
1,1,0.9129312
0,0,0.0044503966
1,1,0.99103606
0,0,0.36650062
1,1,0.99961674
0,0,0.0479076
0,0,0.28415775
0,0,0.42456046
1,1,0.9066219
0,0,0.005944458
0,0,0.10334257
0,0,0.13077298
0,0,0.027155789
0,0,0.036831886
0,0,0.094668165
0,0,0.31480068
0,0,0.0040211584
1,1,0.9794423
0,0,0.12080476
0,0,0.10687117
0,0,0.16438435
0,0,0.17061688
0,0,0.016351068
0,0,0.14705393
0,0,0.03897998
0,0,0.11462069
0,0,0.015727894
0,0,0.060213502
0,0,0.13001968
0,0,0.09697611
0,0,0.036456205
0,0,0.19670357
1,1,0.9534544
0,0,0.2450917
1,1,0.99269193
0,0,0.0022350748
1,1,0.92454517
0,0,0.48114294
0,0,0.2759843
1,1,0.9851677
0,0,0.0010023701
1,1,0.9825067
0,0,0.28131828
0,0,0.16593166
0,0,0.08844477
0,0,0.0018586401
0,0,0.21723622
1,1,0.75027764
0,0,0.3355003
0,0,0.031967163
0,0,0.02111479
0,0,0.29152614
0,0,0.008132544
0,0,0.35010147
0,0,0.008528245
0,0,0.39084095
0,0,0.032141704
0,0,0.097804524
1,1,0.9509788
0,0,0.29419377
0,0,0.4749469
0,0,0.050213918
0,0,0.13085158
0,0,0.00080183253
0,0,0.36164528
0,0,0.043605372
0,0,0.26007032
0,0,0.25822508
1,1,0.9868361
0,0,0.2140409
0,0,0.005007832
0,0,0.2760443
0,0,0.4299569
0,0,0.23481679
1,1,0.9951946
0,0,0.038742058
1,1,0.9950317
0,0,0.25727025
0,0,0.004928697
0,0,0.28466493
0,0,0.0059164455
0,0,0.45961097
0,0,0.35896927
0,0,0.27289045
0,0,0.12493072
1,1,0.9718545
0,0,0.13113685
0,0,0.069196664
0,0,0.02928147
1,0,0.35562024
1,1,0.9932018
0,0,0.03922408
0,0,0.17521541
0,0,0.15044847
0,0,0.12888646
1,1,0.9975815
0,0,0.17627677
0,0,0.029425832
0,0,0.43236458
0,1,0.55756736
1,1,0.99074495
0,0,0.35902163
0,0,0.07686293
0,0,0.017344039
1,0,0.17703809
1,1,0.74692327
0,0,0.14647497
0,0,0.045795336
0,0,0.0048768152
0,0,0.03553732
0,1,0.59606725
0,0,0.052754406
0,0,0.005830763
0,0,0.33309266
0,0,0.018818267
0,0,0.16918766
1,0,0.35375723
1,1,0.57259625
0,0,0.12239467
1,1,0.99143445
0,0,0.04552243
0,0,0.09877528
0,0,0.14168327
0,0,0.3829309
0,0,0.13758406
0,0,0.06673296
0,0,0.123851255
1,1,0.99352926
0,0,0.007407956
0,0,0.12249141
0,1,0.5156561
1,1,0.93665874
1,1,0.5017596
0,0,0.15115742
1,1,0.6587854
0,0,0.17407078
1,1,0.528651
0,0,0.09504534
0,0,0.10029237
1,0,0.35299
1,1,0.9710368
0,0,0.07854868
0,0,0.083895296
0,0,0.074621454
0,0,0.050013196
1,1,0.923294
0,0,0.07768909
0,0,0.36173767
0,0,0.17591529
0,0,0.12838139
0,0,0.27695692
0,0,0.08518215
1,1,0.99921477
0,0,0.23696595
0,0,0.42907164
0,0,0.07355662
0,0,0.30155912
0,0,0.097116485
0,0,0.29365954
0,0,0.1009741
0,0,0.3079294
0,0,0.0026374927
0,1,0.6658849
0,0,0.36489967
0,1,0.5593426
0,0,0.016350662
0,0,0.22388686
0,0,0.37759674
0,0,0.47351116
0,0,0.036012627
1,1,0.9904274
0,0,0.03209552
0,1,0.5567203
0,0,0.18479125
0,0,0.030939225
0,0,0.2979041
1,0,0.15155832
0,0,0.053052664
0,0,0.11193179
0,0,0.26088622
0,0,0.13893344
1,1,0.9745889
0,0,0.18319155
0,0,0.08546525
0,0,0.2184831
1,0,0.33519837
0,0,0.15109794
0,0,0.0032635462
0,0,0.11760008
0,0,0.052078933
1,1,0.98994887
0,0,0.22661962
0,0,0.08461594
0,0,0.25224158
1,1,0.9489175
0,0,0.009942613
1,0,0.075755954
0,0,0.018894833
0,0,0.04191436
0,0,0.0026762127
0,0,0.1931774
0,0,0.26597658
0,0,0.29466456
0,0,0.32905164
1,1,0.9882945
0,0,0.18265672
0,0,0.04496163
0,0,0.24097545
0,0,0.48170277
0,0,0.035360057
0,0,0.0040923487
0,0,0.18930922
0,0,0.4064002
0,0,0.43190965
0,0,0.20154485
0,0,0.034242555
0,1,0.5314498
0,0,0.08669191
0,0,0.007478493
1,1,0.9972356
1,1,0.9578092
0,0,0.19571997
0,0,0.17665431
1,1,0.89369154
0,0,0.08764422
0,0,0.09246388
0,0,0.18108182
0,0,0.31128475
0,0,0.020956319
0,0,0.12210235
0,1,0.5166939
0,0,0.2755391
1,1,0.95745283
0,0,0.03237949
1,1,0.99890864
1,0,0.15563269
0,0,0.38162607
0,1,0.52185464
0,0,0.16567697
1,1,0.992765
0,0,0.17611055
1,0,0.26992008
0,1,0.85162026
0,1,0.5388187
1,1,0.99899346
0,0,0.33625758
0,0,0.4274843
0,0,0.08527407
1,1,0.9847942
0,0,0.14460956
1,1,0.96407276
1,1,0.98371416
0,0,0.32615703
0,1,0.716882
0,0,0.010328927
0,0,0.1452463
0,1,0.5152382
0,0,0.1286484
0,0,0.16743982
0,0,0.014957986
0,0,0.042758055
0,0,0.1498872
0,0,0.0057619265
0,1,0.7232488
0,0,0.20365706
0,0,0.30481938
0,0,0.0038497655
0,0,0.1803767
0,0,0.064757764
0,0,0.054791246
1,0,0.1896048
0,0,0.0052121338
0,0,0.3282739
0,0,0.008467422
1,1,0.85863835
1,1,0.9686912
1,1,0.9638417
0,0,0.107888065
0,0,0.376905
0,0,0.48543915
0,0,0.114639826
0,0,0.03976925
0,0,0.048872627
0,0,0.33095548
0,0,0.08884384
0,1,0.70966303
0,0,0.00047624772
0,0,0.09364141
0,0,0.19553149
0,0,0.14523421
0,0,0.1755281
0,0,0.013567624
0,0,0.23637752
0,0,0.011923828
1,1,0.97957724
0,0,0.18667187
0,0,0.20762561
0,0,0.14733942
0,0,0.018825443
1,1,0.9873498
1,1,0.65596133
0,0,0.07800711
0,0,0.4435521
0,0,0.37168843
0,0,0.11400172
0,1,0.5996935
0,0,0.3771926
0,0,0.12748559
0,0,0.010770221
0,0,0.49109644
0,0,0.0015290887
0,0,0.4192646
1,1,0.9738418
0,0,0.0049534165
0,0,0.11068343
0,0,0.20986043
0,0,0.056161292
0,0,0.09228182
0,0,0.35038617
0,0,0.39250758
0,0,0.012616434
1,1,0.7236152
0,0,0.022733325
0,0,0.36669427
0,0,0.24568857
0,0,0.28565478
0,0,0.044873144
0,0,0.3091539
0,0,0.32900578
1,1,0.98220485
0,0,0.35993278
0,0,0.19629024
0,0,0.24638972
0,0,0.14384851
0,0,0.23373513
0,0,0.29345623
0,0,0.3320316
0,0,0.17356959
0,0,0.36615857
0,0,0.13396811
0,0,0.004878359
0,0,0.3439943
0,0,0.26187316
0,0,0.100141875
0,0,0.096074134
0,0,0.2775851
0,0,0.29764506
0,0,0.015324396
0,0,0.34067363
0,0,0.34535995
0,0,0.10255962
0,1,0.568481
1,1,0.99912924
0,0,0.14510758
1,0,0.4472449
0,0,0.13353416
0,0,0.19551168
0,0,0.007958097
0,0,0.005054782
1,0,0.3567285
0,0,0.07939654
0,0,0.1408065
0,0,0.25992927
0,0,0.11365635
0,0,0.07141689
0,0,0.13458435
1,1,0.9790222
0,0,0.20734535
0,0,0.02953639
0,1,0.71334416
0,0,0.008132106
1,1,0.9949721
1,1,0.97759354
0,0,0.40633032
1,1,0.9819218
0,0,0.06195859
0,0,0.187706
1,1,0.9786442
0,0,0.16916773
0,0,0.118057705
1,1,0.98211145
0,0,0.27019167
0,0,0.28900957
0,0,0.08772093
0,0,0.19232984
0,0,0.25593048
1,1,0.9980155
0,0,0.0060086744
0,0,0.47291523
0,0,0.34131053
0,0,0.2176371
0,0,0.031409778
0,1,0.50751734
0,0,0.052751295
0,0,0.12887973
1,1,0.9866238
0,0,0.038659245
0,0,0.31090832
1,1,0.622599
0,0,0.19431525
0,0,0.3974461
0,0,0.018427901
0,1,0.52906185
1,1,0.9986078
0,0,0.12168252
0,0,0.28296158
0,0,0.023918157
0,0,0.3275936
0,0,0.14970069
0,0,0.21924774
0,1,0.8345354
0,0,0.09941972
1,1,0.8566923
1,1,0.95950437
0,0,0.3526462
0,0,0.057434473
0,0,0.00511792
0,0,0.17947236
0,0,0.004443886
0,0,0.0043721227
0,0,0.098579496
0,0,0.0045672907
0,0,0.060464524
0,1,0.6125963
0,0,0.39819142
0,1,0.5487809
0,0,0.29228678
0,0,0.10096236
1,0,0.39314932
0,1,0.6859139
1,1,0.9872953
1,1,0.9407869
0,0,0.484664
1,1,0.98446125
0,0,0.33285552
1,1,0.8978294
0,0,0.2015575
1,1,0.99930537
0,0,0.4279421
0,0,0.2471833
0,0,0.06355312
1,1,0.99796116
0,0,0.0830474
1,1,0.9825707
0,0,0.0020836846
0,0,0.15265109
1,1,0.9585169
1,1,0.9909236
1,1,0.9554926
1,1,0.9517947
0,0,0.02755218
0,0,0.0019691554
1,1,0.82770926
1,1,0.9806786
0,0,0.098198585
0,0,0.09410408
0,0,0.025783354
1,1,0.7230591
0,0,0.37677923
0,0,0.3202303
0,0,0.04956982
1,0,0.49684197
0,0,0.4508923
0,0,0.16816984
1,1,0.8980188
0,0,0.23163679
0,0,0.028435888
0,0,0.001649549
0,0,0.21790786
1,1,0.82606846
0,0,0.05573277
0,0,0.08119531
0,0,0.16160217
0,0,0.1269308
0,0,0.0071176062
0,0,0.040234085
0,0,0.028276827
1,1,0.9774663
0,1,0.5790778
0,0,0.15127465
0,0,0.07162653
1,0,0.455835
0,0,0.1445825
0,0,0.0649344
0,0,0.38506186
0,0,0.08522684
0,0,0.32987243
0,0,0.00914446
1,0,0.4175727
0,0,0.037633702
0,0,0.17567486
0,0,0.045673
0,0,0.113967225
0,0,0.20565698
0,0,0.054138422
0,0,0.021068303
0,0,0.26851654
0,0,0.0022504432
0,1,0.81789225
1,0,0.36400735
1,1,0.95463014
0,0,0.026726712
0,0,0.35565275
0,0,0.19984534
1,1,0.9853023
1,1,0.5471506
0,0,0.49908417
0,0,0.05164209
1,1,0.9929738
0,0,0.0861216
0,0,0.16448455
1,1,0.85559833
0,0,0.037529487
0,0,0.26710787
0,0,0.021346632
0,1,0.5558652
0,0,0.123762235
0,0,0.0062486217
0,0,0.09476199
1,1,0.9885671
0,0,0.25195163
0,0,0.122000925
0,0,0.00042032852
0,0,0.022822656
1,1,0.9996979
0,0,0.0040805964
0,0,0.057684332
0,0,0.07219321
1,1,0.98289824
1,1,0.99285203
0,0,0.17143662
0,0,0.10482138
0,0,0.011748126
0,0,0.24643387
0,0,0.16779758
0,0,0.0017025628
0,0,0.27429196
0,0,0.24143548
0,0,0.0375472
0,0,0.33350003
0,0,0.1800769
0,0,0.01942824
0,0,0.33775866
0,0,0.044940107
0,0,0.033551123
0,0,0.23499155
0,0,0.105768204
0,0,0.04639817
0,0,0.12281896
0,0,0.04443599
0,1,0.55329835
1,1,0.99822146
0,0,0.38177514
0,0,0.22583647
0,0,0.110072844
0,1,0.59642786
0,0,0.053018052
0,0,0.43050373
0,0,0.002213676
1,0,0.46806893
0,0,0.123486646
0,0,0.11046298
0,0,0.3006135
0,0,0.0032042162
0,0,0.3212175
0,0,0.104880854
1,1,0.8737638
0,0,0.15647529
0,0,0.015064873
1,1,0.98699176
0,0,0.2185295
1,0,0.4439801
0,0,0.49978384
0,0,0.010314505
0,0,0.21635577
0,0,0.4835805
0,0,0.08588059
1,1,0.98084956
1,1,0.9986172
0,0,0.064782545
0,0,0.038736314
0,0,0.030430235
0,0,0.07919523
0,1,0.53421974
1,1,0.9986312
0,0,0.14278875
0,0,0.017163996
0,0,0.0019987111
0,0,0.22151789
0,0,0.009297733
0,0,0.054837566
0,0,0.034574773
0,0,0.34912205
0,0,0.08811779
0,0,0.3381424
0,0,0.29788744
1,1,0.9781003
0,0,0.15267584
1,0,0.35458902
0,1,0.70179176
0,0,0.31582862
1,1,0.99920017
1,1,0.9991924
0,0,0.0031265959
1,1,0.9991443
0,0,0.23380613
0,0,0.19233352
0,0,0.2945336
1,1,0.9893638
0,0,0.22033264
1,0,0.08940342
1,1,0.985891
0,0,0.24249668
0,0,0.23611003
0,0,0.00032074074
0,0,0.10599382
0,0,0.22010708
0,0,0.28999713
0,0,0.32762536
0,0,0.063745655
0,0,0.27813065
0,0,0.04332069
0,0,0.21798249
1,1,0.99499136
1,1,0.986956
0,0,0.08632681
1,0,0.27612197
0,0,0.21189055
0,0,0.03146552
1,1,0.8105292
0,0,0.255355
1,1,0.9925964
1,1,0.99071676
1,1,0.74215007
0,0,0.059190203
1,1,0.9916175
0,0,0.28841585
0,0,0.16102342
0,0,0.29937282
1,1,0.952319
0,1,0.72046936
1,0,0.40286797
0,0,0.25116637
0,0,0.19752675
0,0,0.22638898
0,0,0.0048983255
0,1,0.7662088
0,0,0.23232302
1,1,0.9802294
0,0,0.07262722
1,1,0.99009913
1,1,0.99286884
0,0,0.027347954
1,1,0.99889046
0,0,0.26925355
0,0,0.33919773
0,0,0.02236405
0,0,0.09615745
0,1,0.5504727
1,1,0.9754616
0,0,0.1523633
1,1,0.994733
0,0,0.48850483
0,0,0.3682811
0,0,0.25634444
0,0,0.026876563
0,0,0.01782736
1,0,0.28075486
0,0,0.26529512
0,0,0.019060433
0,0,0.0029891147
0,0,0.47043854
0,0,0.033827208
0,1,0.7893354
0,0,0.23940104
0,0,0.31329107
0,0,0.091547236
0,0,0.077767394
0,0,0.13374384
0,0,0.0057478207
1,1,0.9886175
0,0,0.029992519
0,1,0.5316562
0,0,0.038793392
0,1,0.52897656
0,0,0.2742176
0,0,0.014671766
0,0,0.1210422
1,1,0.5460688
0,0,0.2595
0,0,0.20980164
0,0,0.03443279
0,0,0.3863847
0,0,0.20018102
0,0,0.17898215
1,1,0.9665383
0,0,0.41477102
0,0,0.18899778
0,0,0.09962283
0,0,0.28320503
0,0,0.2408668
0,0,0.00550802
0,0,0.27725884
0,0,0.018689135
0,0,0.3242427
0,0,0.013344232
0,0,0.13091797
0,0,0.07701654
0,0,0.08429473
0,1,0.5046272
0,0,0.14177965
0,0,0.31059238
1,1,0.8407135
0,0,0.16681886
0,0,0.04725145
0,1,0.51993567
0,0,0.037864413
0,0,0.058160424
0,1,0.5037948
0,0,0.102311626
0,0,0.021622257
0,0,0.203085
0,0,0.3216302
0,0,0.1716366
0,0,0.26693138
0,0,0.21589553
0,0,0.37792227
0,0,0.22859652
0,0,0.09791309
0,0,0.22284344
0,0,0.3835331
0,0,0.1488661
0,0,0.15554129
0,0,0.30235338
0,0,0.23412937
0,0,0.16841784
0,0,0.12745199
0,0,0.026524613
0,0,0.3279414
1,1,0.90090454
1,1,0.87194866
0,1,0.84270996
0,0,0.017584996
1,1,0.74999213
0,0,0.0020955817
1,1,0.9864911
0,0,0.030420057
0,0,0.35019585
0,0,0.09052051
0,0,0.047924172
0,0,0.1822838
0,0,0.0710888
1,1,0.96735615
0,0,0.060813792
1,1,0.9316112
0,0,0.08670705
0,0,0.0034077354
0,0,0.23438345
0,0,0.4447167
0,0,0.25298366
0,0,0.25272155
0,0,0.19252342
0,0,0.07038655
0,0,0.08639914
0,0,0.00043608344
1,0,0.21763602
1,1,0.99404585
0,0,0.0054490007
0,0,0.13943432
0,0,0.14917651
0,1,0.7234043
0,0,0.09167071
0,0,0.2580165
0,0,0.07803676
0,0,0.48838612
0,0,0.17229167
0,0,0.0026247394
1,1,0.98342544
0,0,0.26322
0,0,0.14590737
0,0,0.12877813
0,0,0.13306737
0,0,0.107096605
0,0,0.13351361
0,0,0.20310077
0,0,0.084332444
1,1,0.9857547
0,0,0.3972191
0,0,0.09238164
0,0,0.0965838
0,0,0.010177658
0,1,0.55403185
0,0,0.25075576
0,0,0.041504905
0,0,0.44747147
0,0,0.010019277
0,0,0.00074339146
0,0,0.051248822
0,0,0.11602519
0,0,0.03987727
0,0,0.20256017
0,0,0.18148744
0,0,0.16849379
0,0,0.009040771
0,0,0.025526114
0,0,0.16780776
0,0,0.36683807
1,0,0.14536574
0,0,0.17767613
0,0,0.49872425
0,0,0.19645849
0,0,0.010908464
1,1,0.94361407
1,0,0.28374803
1,1,0.721187
1,1,0.95598143
0,0,0.17971691
0,0,0.37726304
0,0,0.05458861
0,0,0.0040038703
1,1,0.9990552
0,0,0.41197935
0,0,0.21791947
0,0,0.006945545
0,0,0.18643941
0,0,0.117908835
0,0,0.14917867
1,0,0.41657028
0,0,0.034745738
0,0,0.21387643
1,1,0.877802
0,0,0.19884698
1,1,0.92575914
0,0,0.26284373
0,0,0.27161905
0,0,0.005059
0,0,0.067745134
0,0,0.103890926
0,0,0.00030481027
0,0,0.08436811
0,0,0.009386106
0,0,0.23833469
0,0,0.45388982
0,0,0.18328813
0,0,0.30610356
0,0,0.17303775
0,0,0.09496317
1,0,0.39925373
1,0,0.28711244
1,1,0.99552864
0,0,0.029283773
1,1,0.98541903
0,0,0.039139174
1,1,0.9692304
0,0,0.044313863
0,0,0.03466001
1,1,0.9928824
0,0,0.17378461
0,0,0.05484365
0,0,0.098475106
0,0,0.09972352
1,1,0.98020107
0,0,0.0044698417
0,0,0.013305289
0,0,0.0800051
0,0,0.21315657
0,0,0.23713347
0,0,0.0036619822
0,0,0.31385085
0,0,0.22646798
1,1,0.7796125
0,0,0.33577332
0,0,0.14337584
0,0,0.32297876
0,0,0.4740954
0,0,0.288863
0,0,0.21683049
1,1,0.7332864
0,0,0.45560378
0,0,0.0005619207
0,0,0.21670601
1,0,0.40078837
0,0,0.11635899
0,0,0.13683969
0,0,0.21866329
0,1,0.52325624
0,1,0.5262392
0,0,0.14979587
0,0,0.16208452
1,1,0.93532443
0,0,0.001053644
0,0,0.3114538
0,0,0.38743386
1,1,0.9119309
0,0,0.010114592
0,0,0.04477194
0,0,0.05641555
1,1,0.966466
1,1,0.9714685
1,1,0.9845746
0,0,0.10150693
0,0,0.22146447
0,0,0.4710894
1,1,0.99666363
0,0,0.017922597
0,0,0.042211473
0,0,0.1675179
1,1,0.9844407
0,0,0.29710484
1,1,0.9754498
0,0,0.46324095
0,0,0.29649875
0,0,0.11652388
0,0,0.28575432
0,0,0.3364927
0,0,0.038498346
0,0,0.22714108
1,1,0.8331811
0,0,0.07084197
0,0,0.22296757
0,0,0.14225191
0,1,0.57295895
0,0,0.27058744
1,1,0.9817229
0,0,0.07655994
0,0,0.2323434
0,0,0.06688616
1,1,0.9307982
1,1,0.99030846
0,0,0.15079106
0,0,0.04506857
0,0,0.1743871
0,0,0.25694823
1,1,0.9981852
0,1,0.5460702
0,0,0.06829508
0,0,0.0021133742
0,0,0.2561194
0,0,0.006418313
0,0,0.39947286
0,0,0.14901127
0,1,0.61574036
0,0,0.06210543
1,0,0.14731902
0,0,0.10227449
0,0,0.24395354
0,0,0.039437074
0,0,0.18303686
0,0,0.22805966
1,0,0.081753366
0,0,0.09116527
0,0,0.13746855
0,0,0.11605503
1,1,0.9909458
1,0,0.45872557
0,0,0.37152088
0,0,0.0048391805
0,0,0.46521387
0,0,0.17905839
1,1,0.97110885
0,0,0.3014517
0,0,0.0042414824
1,1,0.98665464
0,0,0.12142072
1,0,0.17879193
0,0,0.03724567
0,0,0.49223974
0,0,0.017498733
0,0,0.45436317
0,0,0.11528137
0,0,0.14180864
0,0,0.17434734
0,0,0.08703361
0,0,0.1504931
1,1,0.9655105
0,0,0.039832227
0,0,0.17355283
0,0,0.35201257
0,0,0.20649415
0,0,0.067474164
0,0,0.16596784
0,0,0.14854118
0,0,0.28747314
0,0,0.1835414
0,0,0.0033086718
0,0,0.18656056
1,1,0.996071
0,0,0.087888494
0,0,0.23400956
0,0,0.071680956
0,0,0.04116336
0,0,0.16950202
0,1,0.5397385
0,0,0.18472272
0,0,0.21365272
0,0,0.42763653
0,0,0.05451295
0,0,0.07306349
0,0,0.1223343
0,0,0.35153022
0,0,0.081851535
0,0,0.1476695
0,0,0.2836952
1,0,0.14135444
0,0,0.3039021
0,0,0.29193038
1,1,0.99003685
0,0,0.018293072
0,0,0.14892252
0,0,0.06838947
0,0,0.41906908
0,0,0.12155495
0,0,0.095973864
0,0,0.19057667
0,1,0.6155371
0,0,0.060200464
0,0,0.27877396
0,0,0.33597407
0,0,0.2216212
0,0,0.08954654
1,1,0.99887437
0,0,0.00034237732
0,0,0.29795957
0,0,0.084772855
0,0,0.08759137
0,0,0.28061643
0,0,0.47819436
1,1,0.9662211
0,0,0.08988742
0,0,0.22935438
1,1,0.99942136
1,0,0.3346829
1,0,0.2762471
0,0,0.46795443
0,0,0.0032442375
0,0,0.14746569
0,0,0.09586953
0,0,0.3323929
0,0,0.48743963
0,0,0.17590237
0,0,0.32647786
1,0,0.3154169
0,1,0.66395235
0,0,0.088326216
1,1,0.6422967
0,0,0.11418931
0,0,0.47953635
0,0,0.016314488
0,0,0.2435341
0,0,0.030579273
1,1,0.9902172
0,0,0.19091302
0,0,0.22400627
0,0,0.04080291
0,0,0.108931325
0,0,0.013117135
1,1,0.96903473
1,1,0.91159576
1,0,0.342966
0,0,0.42868713
0,0,0.075915344
0,0,0.11350365
0,0,0.02498389
1,1,0.56279886
0,0,0.04482234
0,0,0.24372177
0,0,0.07570144
0,0,0.23221643
1,1,0.99442273
1,1,0.9919412
0,0,0.12827946
0,0,0.0025685446
0,0,0.2821653
0,0,0.3311754
0,1,0.5034115
0,0,0.35353583
0,0,0.0086209625
0,0,0.09472991
0,0,0.051436458
1,1,0.9826455
0,0,0.3192786
0,0,0.12676309
0,0,0.47532755
0,0,0.19085316
0,0,0.012581992
0,0,0.23969045
0,0,0.04564279
0,0,0.2621657
0,0,0.00054203434
0,1,0.5059801
0,0,0.2471671
0,0,0.21918204
0,0,0.1341554
1,0,0.089770734
0,0,0.11787289
0,0,0.25589937
0,1,0.5967081
0,0,0.020209169
0,1,0.5357553
0,0,0.3765747
1,0,0.45739487
0,0,0.2921352
0,0,0.4630785
0,0,0.09139167
0,0,0.012551189
0,0,0.043470327
0,0,0.43103045
0,0,0.024987062
0,0,0.03173942
0,0,0.0034564456
0,0,0.0014195532
1,1,0.9597149
0,0,0.16814074
0,0,0.011923362
0,0,0.3996821
0,0,0.017562611
0,0,0.15578204
1,0,0.21436736
1,0,0.12836489
1,0,0.3434245
0,0,0.05670214
0,0,0.47569853
0,0,0.06466843
0,0,0.024536978
0,1,0.7216716
0,0,0.03818907
1,1,0.5089259
0,0,0.024382733
0,0,0.07868587
1,1,0.5132371
1,1,0.98862785
0,0,0.17665184
0,0,0.047321297
1,1,0.9991714
0,0,0.040189005
1,1,0.9991499
1,0,0.3779077
0,0,0.1291446
0,0,0.3790456
0,0,0.08505571
0,0,0.0066569736
1,1,0.99878424
0,0,0.18599805
0,0,0.02173574
0,0,0.21093361
0,0,0.100455776
0,0,0.07468829
0,0,0.15067743
0,0,0.20028953
0,0,0.00479301
1,1,0.98218936
0,0,0.22835052
0,0,0.20733061
0,0,0.30237547
0,0,0.43075582
0,0,0.21569154
1,1,0.9708412
0,0,0.047572162
0,1,0.81886
0,0,0.18062559
1,1,0.9507983
0,0,0.22707564
0,0,0.09387271
0,0,0.30028978
0,0,0.0011984634
0,0,0.007552433
0,0,0.0119615095
0,0,0.118825674
0,0,0.29559985
0,0,0.11682447
1,1,0.9948519
0,0,0.24583474
0,0,0.0005737066
0,0,0.2975156
0,0,0.092164874
0,0,0.04325551
0,0,0.14812286
0,0,0.08603739
0,0,0.3391115
0,0,0.25524572
0,0,0.0029874297
0,0,0.036841385
1,1,0.98367083
0,0,0.0034375845
0,0,0.015239752
0,0,0.29287627
0,0,0.1515423
0,0,0.11287495
0,0,0.079880826
1,1,0.98212576
0,0,0.0049655237
1,1,0.9000217
0,0,0.3455223
0,0,0.30529296
0,0,0.3959154
0,0,0.097061075
0,0,0.3300388
0,0,0.034948297
0,0,0.023317173
0,0,0.024364475
0,0,0.23481679
0,1,0.58262616
0,0,0.048668988
0,0,0.014026452
0,0,0.0074893837
0,1,0.50126827
0,0,0.06434055
0,0,0.21617383
0,0,0.4353832
0,0,0.10002165
0,0,0.10896576
0,0,0.010924017
0,0,0.2147132
0,0,0.12845097
0,0,0.19074185
0,0,0.31693807
0,0,0.0031734942
0,0,0.13225488
0,0,0.279059
1,1,0.9859073
1,1,0.93354964
0,0,0.1802029
0,0,0.12521267
0,0,0.036805287
0,0,0.090829834
0,0,0.26452154
1,0,0.1569559
0,0,0.056953166
1,1,0.8027088
1,1,0.97925276
1,1,0.90046245
0,0,0.19945322
0,0,0.13000342
0,0,0.07307244
0,0,0.22508019
0,0,0.19409266
1,1,0.9970324
0,0,0.21040024
1,0,0.045599233
0,0,0.31262434
0,0,0.01018041
1,1,0.991269
0,0,0.3362602
0,0,0.051158752
0,0,0.33042195
1,1,0.9475499
0,0,0.0021921655
0,0,0.14912954
0,0,0.19211102
0,0,0.13167486
0,0,0.3806051
1,0,0.46350694
0,0,0.11290652
0,0,0.2053506
0,0,0.19714683
0,1,0.69141054
0,0,0.14924468
1,1,0.8754393
0,0,0.27001503
0,0,0.23727745
1,0,0.4523663
0,0,0.2277751
0,0,0.34383982
1,1,0.9883786
0,0,0.3380468
0,0,0.020633154
0,0,0.17324741
0,0,0.08931049
0,0,0.0008009616
1,1,0.9994266
0,0,0.1254685
1,1,0.9976503
0,0,0.32044408
0,0,0.00069924723
0,0,0.19748862
0,0,0.00096785976
1,1,0.9936207
0,0,0.3804117
0,0,0.2614279
0,0,0.02284639
0,0,0.0029415076
0,0,0.22941723
0,0,0.48634523
0,0,0.38535467
0,0,0.23549402
0,1,0.6047368
0,0,0.2187113
0,0,0.0032533524
0,0,0.2109821
1,1,0.9973974
0,0,0.19550489
0,0,0.04625951
0,0,0.026819795
1,1,0.9996953
0,0,0.057811037
0,0,0.17887777
1,1,0.923387
0,0,0.13065968
0,0,0.13607524
0,0,0.20675085
1,0,0.404914
0,0,0.001139592
0,0,0.3935009
0,0,0.18410061
1,0,0.37283066
1,1,0.906029
0,0,0.08798426
0,0,0.069737166
0,0,0.0039765453
0,0,0.48177144
1,1,0.9794366
0,0,0.019041702
0,0,0.16415393
0,0,0.0114822555
1,1,0.6179859
1,1,0.9866693
0,0,0.114187144
0,0,0.23813291
0,0,0.011430902
0,0,0.22925888
0,0,0.0020839502
0,0,0.09924671
0,0,0.2623696
0,0,0.4388864
1,1,0.9916176
0,0,0.11552218
0,0,0.18389955
0,0,0.42539546
0,0,0.12320444
1,1,0.9990735
0,1,0.5862161
1,1,0.9897653
1,0,0.47914925
0,0,0.1271543
0,0,0.052257407
0,0,0.39778525
0,0,0.078205876
0,0,0.05883544
0,0,0.15253268
1,1,0.95813525
1,1,0.8844796
0,0,0.16747779
1,1,0.986974
0,0,0.24539517
0,0,0.4223177
0,0,0.24742955
0,0,0.005746319
0,0,0.019027006
0,0,0.09096431
0,0,0.20666039
0,0,0.10479925
0,0,0.033761308
0,1,0.5738779
0,0,0.28010195
0,0,0.16174772
0,0,0.28584343
0,0,0.11914153
1,1,0.98946047
0,0,0.12183312
0,0,0.27823964
0,0,0.007677894
0,0,0.08450428
1,1,0.99182713
0,0,0.18860279
0,0,0.24177037
1,1,0.9403763
0,0,0.010343351
0,0,0.006865215
0,1,0.5153679
0,0,0.06595568
0,0,0.0046320525
0,0,0.09654821
0,0,0.18271706
0,0,0.2112364
0,0,0.19091353
1,0,0.4988203
1,1,0.603599
0,0,0.18390585
0,0,0.38678646
0,0,0.047277637
0,0,0.23878232
0,0,0.017776702
0,0,0.13958436
0,0,0.21454927
0,0,0.006101459
0,0,0.009491239
0,0,0.21692015
0,0,0.22249061
0,0,0.13777271
1,1,0.9559518
0,0,0.2709185
1,1,0.95369524
0,1,0.7692096
0,0,0.002657541
1,1,0.96117526
0,0,0.15207021
1,1,0.99980193
0,0,0.26626065
1,0,0.17917101
0,0,0.20803395
0,0,0.10701312
1,1,0.9915767
0,0,0.057351742
0,0,0.0717024
0,0,0.44626138
1,1,0.84856814
0,0,0.075117216
0,0,0.22238047
0,0,0.38854223
0,1,0.5378163
1,1,0.9928098
1,1,0.99865025
0,0,0.32242498
0,0,0.0812452
0,1,0.50249827
0,0,0.0020328532
0,0,0.08135033
1,1,0.6411822
1,0,0.45817447
0,0,0.3755261
0,0,0.29322988
0,0,0.32986054
0,0,0.23351471
0,0,0.4476285
0,0,0.050184697
0,0,0.1854465
0,0,0.17411268
0,0,0.2023726
1,1,0.99354655
0,0,0.0144381
0,0,0.19128874
0,0,0.12560241
0,0,0.30337498
1,0,0.3406718
0,0,0.27857628
0,0,0.0052695456
1,1,0.9228461
0,0,0.035177775
0,0,0.29919076
0,0,0.21383739
0,0,0.058438707
0,0,0.3041708
0,0,0.027251905
0,0,0.076072395
1,1,0.98296756
0,1,0.5247098
1,1,0.96249825
0,0,0.021028059
0,0,0.032143574
0,0,0.46851295
0,0,0.12138972
0,0,0.1770707
1,1,0.865938
0,0,0.20584446
0,0,0.10572131
0,0,0.103187144
1,1,0.9567371
0,0,0.13902941
1,1,0.8697066
0,0,0.15513164
1,1,0.9995004
0,0,0.2216619
0,0,0.09971968
0,0,0.16592929
1,1,0.99757916
0,0,0.03792507
1,1,0.99975127
0,0,0.3048988
0,0,0.21984887
0,0,0.2685961
1,1,0.98811275
1,1,0.9880285
0,0,0.11077818
1,1,0.99823844
0,0,0.019495511
0,0,0.24412121
0,0,0.2232816
1,1,0.9156269
0,0,0.0065760696
0,0,0.025286684
0,0,0.031221483
0,0,0.13599868
0,0,0.13517012
1,1,0.9619128
0,0,0.14773986
1,1,0.9574433
0,0,0.16302697
0,1,0.7786059
0,0,0.19408381
0,0,0.11289398
0,1,0.7121392
0,0,0.36785102
0,0,0.07847903
0,0,0.046956096
1,1,0.9923144
1,1,0.89209527
0,0,0.17897306
0,0,0.047683995
0,0,0.018876301
0,0,0.06041185
0,0,0.19870886
0,0,0.048448447
0,0,0.16482146
0,0,0.058054406
0,0,0.021985691
0,0,0.012499295
0,0,0.10558722
0,0,0.16608672
0,1,0.60012084
1,1,0.99039596
0,0,0.12932569
0,0,0.0074975765
0,0,0.002201994
0,0,0.09414762
0,1,0.58602947
0,0,0.0039248327
0,0,0.03530447
0,0,0.16704397
0,0,0.003738635
0,0,0.23536843
0,0,0.09730531
0,0,0.11633182
1,1,0.9366662
0,0,0.00055462815
1,1,0.9832375
1,1,0.9879288
0,0,0.006509041
0,0,0.124283396
0,0,0.020978006
0,0,0.056567054
0,0,0.089378506
1,1,0.9903916
0,0,0.11126091
1,1,0.9960764
0,0,0.27597854
1,1,0.9999417
0,0,0.04277286
0,1,0.6452056
0,0,0.2938339
0,1,0.9528999
1,1,0.9664835
0,0,0.005278194
1,1,0.9711712
1,1,0.9814135
0,0,0.2613706
0,0,0.084652476
0,0,0.11745163
0,0,0.1710488
0,0,0.49723512
0,0,0.21772113
0,0,0.106476665
1,0,0.15534413
1,1,0.9995041
0,0,0.013505784
0,0,0.0023482097
0,0,0.3045911
0,0,0.16817443
0,0,0.29240757
0,0,0.0053204102
1,1,0.96549547
1,0,0.3637328
0,0,0.23695733
0,0,0.04741657
0,0,0.29734224
1,0,0.33708817
0,0,0.2551344
1,1,0.9656203
0,0,0.08839301
0,0,0.02949624
0,0,0.006425152
0,0,0.05965158
0,0,0.26006758
0,0,0.11550601
0,1,0.5710975
0,0,0.041283593
0,1,0.6651527
1,1,0.970676
0,0,0.0619814
0,0,0.29937387
0,0,0.07469859
0,0,0.18453008
0,0,0.011384791
0,0,0.16917396
0,0,0.21350035
0,0,0.38125214
0,0,0.20720913
0,0,0.14168134
1,1,0.981639
1,1,0.58586407
0,0,0.031366367
1,1,0.9430596
0,0,0.1122417
0,0,0.04379971
0,0,0.12042017
0,0,0.016465295
0,0,0.003049822
0,0,0.041242
0,0,0.38071018
0,0,0.1667028
1,1,0.97894144
0,1,0.6573018
0,0,0.004624601
0,0,0.0004573855
0,0,0.05444937
0,0,0.15906057
0,0,0.12674911
1,1,0.99831533
0,0,0.0065042297
0,1,0.81052303
0,0,0.10227513
0,1,0.57406104
0,0,0.012245842
0,0,0.12749694
1,0,0.4447869
0,0,0.298449
0,0,0.30254805
0,1,0.59556544
1,0,0.24732251
0,0,0.003517963
0,0,0.0013482453
0,1,0.61438906
0,0,0.004431343
1,1,0.65799
0,0,0.049119584
1,0,0.29444054
0,0,0.039807312
0,0,0.1859857
0,0,0.16356432
1,1,0.9739292
0,0,0.008918782
0,0,0.025957067
0,0,0.15081869
1,1,0.9716181
1,1,0.98484045
1,0,0.0646467
0,0,0.21765874
0,0,0.25584364
1,1,0.9838299
1,1,0.9856337
0,0,0.32885435
0,0,0.04010954
0,0,0.0061363904
0,0,0.07381367
0,0,0.09485646
1,1,0.7900996
0,0,0.0019532943
0,0,0.2263169
0,0,0.0078067747
0,0,0.040384375
0,0,0.1540905
1,1,0.9623392
0,0,0.4699702
1,0,0.37462777
1,0,0.4629168
0,0,0.03626178
0,0,0.10363823
0,0,0.30242765
0,0,0.31985888
0,0,0.15823764
0,1,0.6625477
0,0,0.20839079
0,0,0.0017205889
1,1,0.9982425
0,0,0.0075902543
1,0,0.13846973
0,0,0.08640612
0,0,0.09830694
0,0,0.21741238
0,0,0.17534688
0,0,0.1502683
1,1,0.9417467
0,0,0.0108976085
0,0,0.061905403
0,0,0.34408358
0,0,0.13610736
0,1,0.5947615
0,0,0.0041455487
1,1,0.9935395
0,0,0.034326643
0,0,0.038799893
0,0,0.1314563
0,0,0.26185945
1,1,0.9666773
0,0,0.27911896
0,0,0.100953795
0,0,0.31424156
0,0,0.029425317
0,0,0.013431376
0,0,0.34971145
1,1,0.97901934
0,0,0.19466223
0,0,0.11703468
0,0,0.06565778
1,1,0.9505636
0,0,0.14910027
0,0,0.050351948
0,0,0.013324446
0,0,0.12168882
0,0,0.001902735
0,0,0.124012925
1,1,0.8532788
0,0,0.26300943
0,0,0.07201589
1,1,0.9796887
0,0,0.10968617
0,0,0.021543112
0,0,0.05419933
1,1,0.63583916
1,1,0.98118615
1,1,0.98345226
0,0,0.13325348
0,0,0.4487549
1,1,0.9479067
0,0,0.0039285757
0,0,0.031035306
0,0,0.0062333466
0,0,0.17606816
0,0,0.34901115
0,0,0.12460692
0,0,0.1885569
0,0,0.18007025
0,0,0.45888764
0,0,0.20436707
0,0,0.12234932
0,0,0.17114998
0,0,0.34852064
1,1,0.9876853
0,0,0.14230873
1,1,0.9723201
0,0,0.24153046
0,0,0.08702645
0,1,0.56947625
0,0,0.0916683
0,0,0.028187841
0,0,0.04331987
0,0,0.10007897
0,0,0.117980815
0,0,0.3395257
0,0,0.093847
0,0,0.062322356
0,0,0.40620407
1,1,0.95586836
0,1,0.80545837
0,0,0.47714674
0,0,0.28109762
1,1,0.95081216
0,1,0.84911984
0,0,0.13355881
0,0,0.0653282
0,0,0.034433346
0,0,0.45008406
0,0,0.0096286945
0,0,0.20504674
0,0,0.18856853
0,0,0.05836484
1,1,0.97837174
0,0,0.11530089
0,0,0.08088142
0,0,0.030067319
0,0,0.41468897
1,1,0.5771285
0,0,0.008563738
0,0,0.036774404
0,0,0.2992127
0,0,0.061468232
1,1,0.92719185
0,0,0.06533719
0,0,0.15277171
0,0,0.08283253
0,0,0.23869365
0,0,0.15508634
1,0,0.40186635
0,0,0.24203925
1,1,0.94536656
0,0,0.121336535
0,0,0.1140667
0,0,0.017898668
1,1,0.9308044
0,0,0.1794207
1,0,0.26529488
0,0,0.34510562
1,1,0.85442084
1,1,0.94487226
0,1,0.60675865
1,1,0.9942134
0,0,0.0045317756
0,0,0.16313389
0,1,0.5220549
1,1,0.97105724
0,0,0.2027054
1,1,0.97367454
1,1,0.9590149
0,0,0.015371324
0,0,0.25745776
0,0,0.041757707
0,0,0.005297433
0,0,0.094763406
0,0,0.090804495
0,0,0.20358452
0,0,0.00064350833
1,1,0.99094045
0,0,0.14741698
0,0,0.18401356
1,1,0.9621126
1,1,0.6429644
0,0,0.013072076
0,0,0.36447003
0,0,0.40684944
0,0,0.019761883
1,1,0.97806954
0,1,0.520447
0,0,0.10924186
0,0,0.081362695
0,0,0.14995146
1,1,0.98819876
0,0,0.0102403825
0,0,0.0782985
0,1,0.7862531
0,0,0.29315335
0,0,0.0061811567
0,0,0.023489788
0,0,0.14230989
0,0,0.0017055268
0,0,0.3111369
0,0,0.033578612
0,0,0.26955968
0,0,0.03879066
0,0,0.24921612
0,0,0.41544282
0,0,0.0033271383
0,0,0.020434385
0,0,0.061081707
0,1,0.54121405
1,0,0.4905834
0,0,0.032708343
1,1,0.99450326
0,0,0.48349828
0,0,0.10816179
0,0,0.22319022
0,0,0.42273661
0,1,0.67431056
0,0,0.24502015
0,0,0.15234815
0,0,0.39816195
0,0,0.073557034
1,1,0.9574551
0,0,0.03399092
0,0,0.28192765
0,0,0.048988715
0,0,0.087004475
1,1,0.9922638
0,0,0.2093251
0,0,0.10601971
0,0,0.42733237
0,1,0.55909395
1,0,0.48847908
0,0,0.006940179
0,0,0.020541228
0,0,0.20682609
1,1,0.99956447
0,0,0.11879864
1,1,0.8949713
1,1,0.9753998
0,1,0.848756
1,0,0.49388865
0,0,0.2293804
0,0,0.43110347
0,1,0.50322527
1,1,0.91193885
0,0,0.045096584
0,0,0.4345631
1,0,0.49562702
1,1,0.9632629
0,1,0.5729738
0,0,0.14757071
0,0,0.022815283
0,0,0.0045987177
1,1,0.9622764
1,1,0.92705566
1,1,0.85705376
0,0,0.06593247
0,0,0.2013631
0,0,0.0132240355
0,0,0.123311415
0,0,0.3398874
1,1,0.95582175
1,1,0.8068547
0,0,0.29142058
0,0,0.13797277
1,1,0.9917488
0,0,0.0026374927
0,0,0.10761988
1,0,0.17528231
1,1,0.9873546
0,1,0.51529676
1,0,0.3725734
0,0,0.17879921
0,0,0.13835293
0,0,0.26991776
1,0,0.44983628
0,0,0.020931197
1,0,0.4770064
1,1,0.98487204
0,0,0.034645125
0,0,0.05454229
1,1,0.98919046
0,1,0.5404203
0,0,0.138341
0,0,0.0058586304
1,1,0.7002208
0,0,0.0093691
0,0,0.17187159
0,0,0.007733042
0,0,0.0007922741
0,0,0.015819572
1,1,0.94486254
1,1,0.54228544
0,0,0.4038449
0,0,0.4260853
0,0,0.11951306
0,0,0.006223318
0,0,0.07644991
0,0,0.10142904
1,1,0.98446125
0,0,0.13607314
0,0,0.0628095
1,0,0.20853253
0,0,0.45362335
1,0,0.29985017
0,0,0.3839252
0,0,0.013120289
0,0,0.28749728
0,0,0.02843388
0,0,0.07762563
0,0,0.48473552
0,0,0.18946342
0,0,0.04346308
0,0,0.03661488
0,0,0.16298297
0,0,0.07684284
1,0,0.24456583
0,0,0.4679244
1,1,0.9573309
0,0,0.06616027
0,0,0.2458675
0,0,0.1132393
0,0,0.036081888
0,0,0.11586118
0,0,0.46396336
0,0,0.4119963
0,0,0.2195111
1,1,0.8635042
0,0,0.05123524
0,0,0.31558305
0,0,0.21036267
1,1,0.5596825
0,0,0.22323135
0,0,0.2896281
0,0,0.006611834
0,0,0.15623802
0,0,0.29148102
1,1,0.99915576
0,0,0.11565399
0,0,0.0060630743
0,0,0.18264209
1,1,0.87197816
0,0,0.04008966
0,0,0.44375858
1,0,0.17316523
0,1,0.59753597
1,1,0.9936913
0,0,0.002145651
0,0,0.1982838
1,1,0.9619128
0,0,0.17524274
1,1,0.9267395
0,0,0.017823854
0,0,0.2631552
0,0,0.116944045
0,0,0.00054651627
1,0,0.19346945
1,1,0.99259126
0,0,0.12993269
0,0,0.28265995
1,1,0.9893415
1,1,0.9575617
0,0,0.26814845
0,0,0.100507796
0,0,0.15035129
0,0,0.37526077
1,1,0.99006534
0,0,0.33587283
0,0,0.0021233845
0,0,0.07921958
1,0,0.40245122
0,0,0.16682208
1,1,0.9866585
0,0,0.18456435
0,0,0.35217497
1,1,0.64000773
1,1,0.9837608
1,1,0.98791295
0,0,0.282824
0,0,0.05133499
0,0,0.045802753
0,0,0.0027626597
1,1,0.954446
0,0,0.20057362
0,0,0.4010136
1,0,0.103791825
0,0,0.09877265
0,0,0.17204529
0,0,0.46447212
0,0,0.10158179
0,0,0.32535064
0,0,0.18524349
1,1,0.8643981
0,0,0.16511637
1,1,0.98244584
0,1,0.5434007
0,0,0.16623062
0,0,0.33949116
0,0,0.013401453
0,1,0.520225
1,1,0.85001624
1,1,0.6067036
0,0,0.25058192
1,1,0.92772436
0,0,0.31252587
0,0,0.12994121
0,0,0.23025824
0,0,0.2613568
0,0,0.18008868
0,0,0.1490198
1,1,0.5753113
1,1,0.9896513
0,0,0.10981555
0,0,0.16810495
0,1,0.6582266
0,0,0.15026599
0,0,0.2772037
0,0,0.2610245
0,0,0.12352648
0,0,0.41196847
0,0,0.08414466
0,0,0.1911311
0,0,0.029565949
1,0,0.118420675
0,0,0.20307958
0,0,0.046948947
0,0,0.072973885
0,0,0.0012715213
0,0,0.14029531
0,0,0.152668
0,0,0.42334738
0,0,0.0970204
0,0,0.10300061
0,0,0.0098807085
1,1,0.53751636
0,0,0.002624094
0,0,0.08253359
0,0,0.03123338
1,1,0.99680054
0,0,0.13267568
1,1,0.9661134
0,0,0.0014407124
0,0,0.102351926
0,0,0.13202666
0,0,0.0094617605
0,0,0.15217206
0,0,0.010083616
0,0,0.40343842
1,1,0.9981658
0,0,0.12656613
0,0,0.011677255
0,0,0.29973257
0,0,0.10741148
0,1,0.55267966
0,0,0.054392103
0,0,0.2835029
1,0,0.29655698
0,0,0.043755807
1,1,0.988262
0,0,0.21506207
0,0,0.43643022
0,0,0.4710895
0,0,0.074274145
0,0,0.25444055
0,0,0.38364542
0,0,0.0029586565
0,0,0.16550623
0,0,0.1357433
0,0,0.010340794
0,0,0.14165212
0,0,0.16799276
0,0,0.2547801
1,1,0.9943393
0,0,0.07152393
0,0,0.07502575
0,0,0.19549005
0,1,0.8402428
0,0,0.16363584
0,0,0.3717181
1,1,0.982304
0,0,0.051388215
0,0,0.114981405
1,1,0.97483534
0,0,0.2951285
0,0,0.27141985
0,0,0.38309667
0,0,0.109335355
0,0,0.119677
0,0,0.1893921
0,0,0.1724898
0,0,0.2238007
1,0,0.48969942
0,0,0.23585002
0,0,0.043675225
0,0,0.021447245
1,1,0.8602982
0,0,0.25148052
0,1,0.5273672
0,0,0.12795946
0,0,0.06004744
0,1,0.51106656
0,0,0.09717259
0,0,0.0050603608
0,0,0.106557846
0,0,0.22696356
1,1,0.97530407
0,0,0.24170913
0,0,0.012044601
0,0,0.11583536
0,0,0.4867224
1,1,0.9425561
0,0,0.01686749
0,0,0.1984227
0,0,0.18316549
1,1,0.94851655
0,0,0.22337513
0,0,0.2974989
0,0,0.252747
0,0,0.433734
1,1,0.9919647
0,0,0.093550995
0,0,0.47241932
0,0,0.3099629
0,0,0.25745574
0,0,0.00021191525
0,0,0.010614536
0,0,0.14402285
1,1,0.5622872
0,1,0.57400274
0,0,0.43373865
0,0,0.42296985
0,0,0.19287577
0,0,0.04004821
0,0,0.01843432
1,1,0.6962032
0,1,0.5053835
1,1,0.995376
0,0,0.18069373
0,0,0.11714373
0,0,0.2953845
1,1,0.94976836
0,0,0.0032556
0,0,0.20703757
0,0,0.18415198
0,0,0.10081651
0,0,0.41690132
1,1,0.9879103
1,1,0.99887687
0,0,0.0638243
0,0,0.16814363
0,0,0.0154051995
0,0,0.028835086
0,0,0.08148051
0,1,0.50085133
0,0,0.03577539
0,0,0.1646348
0,0,0.12027805
0,0,0.09728595
0,0,0.29337966
1,0,0.36490074
0,1,0.530292
0,0,0.009892373
0,0,0.09495009
0,0,0.29206803
0,0,0.0060710707
1,1,0.9892657
0,0,0.0029860782
0,0,0.09355589
0,0,0.413158
0,0,0.18488033
0,0,0.056076713
0,0,0.015943807
1,1,0.9877429
0,0,0.04394057
0,0,0.20604944
0,0,0.02266007
0,0,0.06286628
0,0,0.116177335
0,1,0.79474294
0,0,0.006396313
0,0,0.091362365
0,0,0.41693506
0,1,0.7387853
0,0,0.05086504
0,0,0.11392936
0,0,0.051884085
0,0,0.13903917
0,0,0.1158416
0,0,0.0031538534
0,0,0.4093146
1,1,0.98488957
1,1,0.99964225
1,1,0.996931
0,0,0.040249646
0,1,0.6064976
0,0,0.32664204
0,0,0.0024482277
0,0,0.21975993
0,0,0.031465553
0,0,0.10681877
0,0,0.030557644
0,0,0.11949584
0,1,0.5409915
1,1,0.9749484
0,0,0.096819274
0,0,0.14068021
0,0,0.02091233
1,1,0.9682077
0,0,0.16026597
0,0,0.12601662
0,0,0.1689156
0,0,0.36074635
1,1,0.9690934
0,0,0.0033925357
0,0,0.31085017
1,0,0.41464776
0,1,0.5449794
1,0,0.15981323
1,1,0.99701095
0,0,0.49317345
1,1,0.9992888
0,0,0.21407108
1,1,0.76676446
0,0,0.42545736
0,0,0.2743477
0,0,0.43324497
0,1,0.57173735
0,0,0.124457106
0,1,0.6512322
0,1,0.5759062
0,0,0.2800089
1,1,0.9909889
0,1,0.66318685
0,0,0.0055318717
0,0,0.19722515
1,0,0.28362203
0,0,0.03704464
0,0,0.4768733
0,0,0.035962757
0,0,0.2740753
0,0,0.1830586
0,0,0.15885346
0,0,0.011452569
1,1,0.9873776
0,0,0.09723631
0,0,0.23599786
0,0,0.24470675
1,1,0.9950492
0,0,0.12641028
0,0,0.02582435
1,1,0.89933515
0,0,0.15158863
0,0,0.030142553
0,1,0.6078339
0,0,0.3017742
0,1,0.5017519
0,0,0.2677628
0,0,0.3714743
0,0,0.29785925
0,0,0.047743928
0,0,0.08527781
0,0,0.07788698
0,0,0.13626578
1,1,0.99253607
0,0,0.18703203
1,1,0.9872273
0,0,0.008595793
0,0,0.09087926
0,0,0.09211968
1,1,0.98921263
0,0,0.28807607
1,1,0.9994499
0,1,0.6963919
0,0,0.12501012
0,0,0.18858829
0,0,0.10447507
0,0,0.24885522
0,0,0.40756342
1,1,0.9801072
0,0,0.091981746
1,1,0.93695766
0,0,0.27426428
0,0,0.22679543
1,1,0.9749646
0,0,0.0052159503
0,0,0.053853158
0,0,0.08086516
0,0,0.2880885
0,0,0.038153216
0,0,0.23770383
0,0,0.06468383
0,0,0.20068383
1,1,0.9283743
0,0,0.05222185
1,1,0.9875866
1,1,0.9189554
0,0,0.17665282
0,0,0.3079984
0,0,0.05640464
1,0,0.30388302
0,0,0.02455491
0,0,0.42921364
1,1,0.9940432
0,0,0.15256251
0,0,0.29031584
0,1,0.56795496
0,0,0.045514215
0,0,0.365438
0,0,0.1879984
0,0,0.027847536
1,1,0.99077636
0,0,0.22482583
0,0,0.003668821
0,0,0.059224505
0,0,0.02162996
0,0,0.07151734
0,0,0.14432526
0,0,0.069933265
0,0,0.07148502
0,0,0.13102865
0,0,0.10765468
0,0,0.0833216
0,0,0.016661376
0,0,0.06272617
1,1,0.9661489
0,0,0.22014621
1,1,0.92587215
0,0,0.09610887
0,0,0.0067102043
0,0,0.1641139
0,0,0.20861454
0,0,0.25079885
0,0,0.4241452
0,0,0.024327168
0,0,0.00687516
0,0,0.31702456
1,1,0.9841905
0,1,0.58459264
0,0,0.4046625
1,0,0.31104138
0,0,0.15011147
0,0,0.16514863
0,0,0.3990013
0,1,0.5050296
0,0,0.04413371
1,1,0.9954218
1,1,0.7216465
0,0,0.04058084
1,1,0.99929786
0,0,0.16697246
1,1,0.83616066
0,1,0.8473333
0,0,0.30136776
0,0,0.39853483
1,1,0.9946325
0,0,0.14091998
0,0,0.005493152
0,0,0.003233356
0,0,0.34552246
0,0,0.1675579
1,1,0.9948009
0,0,0.0057974015
0,0,0.040157646
0,0,0.10756532
0,0,0.07854676
0,0,0.054787014
0,0,0.13537343
0,0,0.023100527
0,1,0.62810117
1,1,0.9624584
0,0,0.14107843
0,0,0.009999607
0,0,0.03058818
0,0,0.0046751522
0,0,0.005213442
0,0,0.2022706
0,0,0.0048487745
0,0,0.18773966
1,1,0.98385197
0,0,0.12929784
1,1,0.7035836
0,0,0.1278958
1,1,0.996145
0,0,0.083222225
1,1,0.63934493
1,1,0.98163015
0,0,0.13139948
0,0,0.043086533
0,0,0.09174021
0,0,0.15877895
0,0,0.051604215
0,0,0.20971882
0,0,0.40418062
1,1,0.90826917
0,1,0.6565744
0,0,0.1790121
0,0,0.0054410864
1,1,0.9857589
0,0,0.051447093
0,0,0.30667856
0,0,0.26706016
0,0,0.11967092
0,0,0.0011723472
0,0,0.16701958
0,0,0.16088192
1,1,0.98738843
0,0,0.19483247
0,0,0.2105506
0,0,0.12250243
0,0,0.124621086
0,0,0.26425853
0,0,0.050398905
0,0,0.010878018
0,0,0.04737984
0,0,0.23185247
0,0,0.06480237
1,1,0.976223
1,0,0.23702236
0,0,0.473077
1,1,0.98358095
0,0,0.31526592
0,0,0.0039003766
0,0,0.26255065
0,0,0.25031543
0,0,0.20282352
0,0,0.16719869
0,0,0.003595852
0,0,0.23256484
0,0,0.14101334
0,0,0.094280526
1,1,0.98290354
0,0,0.2931065
0,0,0.27050877
0,0,0.05032211
0,0,0.09347753
0,0,0.06648904
1,1,0.98511815
1,1,0.99818665
1,1,0.9979705
1,1,0.9757329
0,0,0.0063540502
0,0,0.015397572
0,0,0.0076936595
1,1,0.96831435
0,0,0.009472827
0,0,0.16977659
1,1,0.99783677
0,0,0.057986356
1,1,0.98902345
0,0,0.28531685
0,0,0.07394585
0,0,0.0116202915
1,1,0.9945892
0,0,0.26299044
0,0,0.010780794
0,1,0.52289695
0,0,0.06898839
0,0,0.12509835
1,1,0.9717177
0,0,0.0003208267
0,0,0.2637497
0,0,0.045429688
0,0,0.10464559
1,1,0.6003526
0,0,0.033220734
0,0,0.20946613
0,0,0.031411808
0,0,0.05436391
0,0,0.17999789
0,0,0.044590853
0,0,0.05080961
0,0,0.07812922
1,1,0.9483625
1,1,0.9993327
0,0,0.08933532
0,0,0.07483768
1,1,0.7099626
0,0,0.06061999
0,0,0.14581223
0,0,0.3077623
0,0,0.24415997
0,0,0.2385027
0,0,0.009394916
0,0,0.09251615
0,0,0.26832944
0,0,0.24969424
0,0,0.13311659
1,1,0.8963324
0,1,0.5072622
1,0,0.3295671
0,0,0.26611936
0,0,0.054188367
0,0,0.10361619
0,0,0.15838042
0,0,0.041185867
0,0,0.17750187
0,0,0.26044428
1,1,0.98134494
0,0,0.33819124
0,0,0.090803884
1,1,0.55945444
1,0,0.33596668
1,0,0.059998225
0,0,0.13656051
1,1,0.99611145
0,0,0.05215596
1,1,0.9906069
0,0,0.02952451
0,0,0.46985838
0,0,0.023057647
0,0,0.16251057
1,1,0.82341766
0,0,0.07482789
0,0,0.28493345
1,1,0.97897273
1,1,0.56984437
0,0,0.15078737
0,0,0.25243005
0,0,0.17890294
0,0,0.004431701
0,0,0.22680129
0,0,0.14219728
1,1,0.98692095
0,0,0.1575035
0,0,0.21218237
0,0,0.038308803
0,0,0.01660416
0,0,0.45832905
0,0,0.055497702
0,0,0.013597959
1,1,0.976929
0,0,0.4942174
0,0,0.0002721232
0,0,0.0321956
0,0,0.10977709
1,1,0.99154025
0,0,0.0054101194
0,0,0.007092075
0,0,0.033393256
1,0,0.2509257
1,1,0.961601
0,0,0.14429735
1,1,0.99925655
0,0,0.19476816
1,1,0.5557095
0,0,0.009866845
0,0,0.00631318
0,0,0.010552256
0,0,0.028101448
1,1,0.990175
1,1,0.9282204
0,0,0.4366244
0,0,0.008650595
0,0,0.059040684
0,0,0.099524796
0,0,0.01640064
0,0,0.08356208
0,0,0.10877271
0,0,0.00026760984
0,0,0.21488072
0,0,0.26406327
0,0,0.12417651
0,1,0.54342616
1,1,0.89251107
0,0,0.03451341
0,0,0.047209952
0,0,0.46634394
0,0,0.00591945
0,0,0.40913165
0,0,0.12550513
0,0,0.0878807
0,0,0.2937376
0,0,0.14192605
0,0,0.17580031
0,0,0.33460096
1,1,0.98434466
1,0,0.13520612
1,1,0.98134893
0,0,0.009820355
1,1,0.94056654
0,0,0.06250142
0,0,0.24162781
0,0,0.02893551
0,0,0.40695038
0,0,0.17958333
0,0,0.09146669
0,0,0.051706526
0,0,0.36365202
0,0,0.22715035
0,0,0.08466775
1,1,0.9855847
0,0,0.00074607093
1,0,0.314409
0,0,0.011084703
0,0,0.22997975
0,0,0.35338226
0,0,0.26287612
0,0,0.24607964
0,0,0.048862156
0,0,0.003769926
0,0,0.42029428
0,0,0.00039518828
0,0,0.17435002
0,0,0.0048061595
0,0,0.06287382
1,1,0.9893516
0,0,0.007917286
0,0,0.30888915
0,0,0.0055676564
0,0,0.09834486
0,0,0.11838214
0,0,0.39624777
0,0,0.07760678
0,0,0.14248118
1,1,0.9847562
0,0,0.22447246
0,0,0.039223436
0,0,0.05272583
0,0,0.22235261
0,0,0.099526145
0,0,0.09724967
0,0,0.09245031
0,0,0.26174244
0,0,0.06292874
0,0,0.086559445
0,0,0.009144067
1,1,0.9873875
0,0,0.21281087
0,0,0.12196525
0,0,0.100732274
0,0,0.2720754
0,0,0.17689374
1,1,0.98579144
0,0,0.252567
0,0,0.16194195
1,1,0.8990565
1,1,0.9897049
0,0,0.2097901
1,1,0.9909258
1,1,0.9990559
0,0,0.19006506
0,0,0.011759786
1,1,0.95020133
0,0,0.0058341054
0,0,0.22986951
0,0,0.14962003
0,0,0.1646903
0,0,0.00417362
0,0,0.0017587142
0,0,0.14851405
0,0,0.4809927
0,0,0.009828584
0,0,0.016900877
0,0,0.1933925
0,1,0.501964
0,0,0.14237508
0,0,0.24566129
0,0,0.27749425
0,0,0.2855448
0,0,0.42727613
0,0,0.22578417
0,0,0.049476083
0,0,0.014700083
0,0,0.019639123
0,0,0.02060779
0,0,0.15810056
0,0,0.17879692
0,0,0.08023491
0,0,0.049289785
0,0,0.0801773
0,0,0.00201152
0,0,0.13886634
0,0,0.0013322948
0,0,0.3542648
0,0,0.14400055
0,0,0.097312234
1,1,0.98098046
0,0,0.16493633
0,0,0.25738344
0,0,0.17001109
0,0,0.02121786
1,1,0.97110903
0,0,0.042542323
0,0,0.35531265
0,0,0.36671582
0,0,0.03145822
0,1,0.53776294
0,0,0.494032
1,1,0.9214998
0,0,0.1434474
0,0,0.032795783
1,0,0.3975667
0,0,0.12732294
1,1,0.9637419
1,1,0.5190935
0,1,0.6448818
0,0,0.19376153
0,0,0.23692684
0,0,0.07865973
1,0,0.40168908
0,0,0.35456148
0,0,0.007682968
0,0,0.36215237
0,0,0.0032445383
0,0,0.11014727
1,1,0.8976887
0,0,0.34499884
0,0,0.1454682
0,0,0.12263731
0,0,0.40298042
0,0,0.08737219
0,0,0.3376086
1,1,0.9967391
0,1,0.6995966
0,0,0.34900612
0,0,0.12815614
1,1,0.9995383
1,1,0.75227594
0,0,0.0604422
0,0,0.09322719
0,0,0.003662981
0,0,0.19011547
0,0,0.010515885
0,0,0.39049983
0,0,0.016929312
1,1,0.99126375
0,0,0.23216957
0,1,0.85495454
0,0,0.31851065
0,0,0.4640673
0,0,0.05520948
0,0,0.17486715
1,1,0.9697655
0,0,0.11753064
0,0,0.042177375
1,1,0.99711263
1,0,0.32260248
0,0,0.17571001
0,0,0.038575556
0,0,0.16102721
1,1,0.9957634
1,1,0.9943619
0,0,0.0064683487
0,0,0.13122018
0,0,0.46880946
1,1,0.94837946
0,0,0.15560612
0,0,0.020927718
1,1,0.9857692
0,0,0.308899
0,0,0.09292332
1,1,0.99793774
0,0,0.388724
0,0,0.19525257
0,0,0.0062626875
0,1,0.6212009
0,0,0.005610518
0,1,0.52453065
1,1,0.9957438
0,0,0.0048046494
0,1,0.56710154
0,0,0.09624841
0,1,0.60487324
0,0,0.09952605
0,0,0.040380992
0,0,0.269578
0,0,0.13383116
0,0,0.06318175
0,0,0.016846186
0,0,0.1845949
0,0,0.32678238
0,0,0.37987477
0,0,0.028447352
0,0,0.15134302
0,0,0.013350455
0,0,0.009434021
0,0,0.1507291
0,0,0.06693413
0,1,0.6131534
1,0,0.069811806
1,1,0.9991398
0,0,0.27452317
0,1,0.67241585
0,0,0.1974598
0,0,0.13444127
0,0,0.09999663
0,0,0.013911246
1,1,0.96990335
0,0,0.26149625
0,0,0.0037697628
0,0,0.40871826
1,1,0.98268557
0,0,0.12194213
0,0,0.0048346194
0,0,0.250056
0,0,0.0660154
0,0,0.34992832
0,0,0.17981754
0,0,0.0045434968
0,0,0.2911318
0,0,0.14272563
1,1,0.99868494
1,1,0.9263892
0,0,0.009221186
0,0,0.11787546
0,0,0.015617546
0,0,0.003998314
1,1,0.9873547
1,1,0.99909043
0,0,0.36105546
0,0,0.0936842
0,0,0.19362427
1,0,0.15624177
1,1,0.9869595
0,0,0.03843873
0,0,0.03834915
0,0,0.37064552
1,1,0.97602284
1,1,0.99271786
0,0,0.21761999
0,0,0.06931522
0,0,0.46723738
0,0,0.14702141
0,0,0.04399546
1,1,0.9815731
0,0,0.2001438
0,0,0.49463746
0,0,0.112577826
0,0,0.008307179
0,0,0.002099639
1,0,0.48597044
0,0,0.0010775477
0,0,0.43275836
0,0,0.3573998
1,1,0.98229617
0,0,0.12776959
0,0,0.40850532
0,0,0.35480177
0,0,0.053524636
0,0,0.19084503
0,0,0.22577834
0,0,0.10332594
0,0,0.371535
0,0,0.13604304
0,0,0.1862782
1,0,0.18541184
0,0,0.04269541
0,0,0.13542336
0,0,0.094813354
1,0,0.27167276
0,0,0.3649415
0,0,0.026441995
0,0,0.12921236
0,0,0.04040236
1,0,0.46290874
1,1,0.8529499
0,0,0.0018820302
0,0,0.114358254
0,0,0.1812395
0,0,0.40018198
0,0,0.17598246
1,1,0.9859746
0,0,0.11354604
0,0,0.39452276
0,0,0.49891257
0,0,0.13424285
0,0,0.07998814
0,0,0.25340447
0,0,0.35327172
0,0,0.122319736
0,0,0.0036412526
0,0,0.008265658
0,0,0.17796479
0,0,0.07656632
0,0,0.017114354
1,1,0.8817805
0,0,0.2550473
0,0,0.016602853
0,0,0.40069532
0,0,0.14036693
1,1,0.9767994
0,0,0.079580285
0,0,0.18117315
0,0,0.3484462
0,0,0.16925229
0,0,0.15797077
0,1,0.5635535
0,0,0.007207464
1,1,0.848253
1,1,0.9756104
0,0,0.022480587
0,0,0.20173858
0,0,0.14050183
0,0,0.2740093
0,0,0.17927077
0,1,0.73529977
0,0,0.2848457
1,1,0.58501273
1,1,0.9878306
0,0,0.34010196
0,0,0.0036792376
0,0,0.35457948
0,0,0.024964971
1,1,0.90073276
0,0,0.103680186
0,0,0.24514973
0,0,0.12565076
0,0,0.039432947
0,0,0.009070381
0,0,0.19156767
1,0,0.45640308
1,1,0.9743584
0,0,0.025723817
0,0,0.21430074
0,0,0.044579834
1,1,0.6233022
0,0,0.33518168
0,0,0.036783874
1,1,0.9810394
0,0,0.43833175
0,0,0.13687778
0,0,0.089159206
0,0,0.0053797076
0,0,0.12886424
0,0,0.13021739
0,0,0.106848925
0,0,0.05672371
1,1,0.98117995
1,0,0.10685394
0,0,0.17417128
1,1,0.9854049
0,0,0.010483377
0,0,0.21827126
0,0,0.1455984
1,0,0.40691113
0,0,0.39649448
1,1,0.9948638
0,0,0.008385476
1,0,0.056769595
1,1,0.5556274
0,0,0.43481943
0,0,0.02237017
0,0,0.10679466
0,0,0.35525662
0,0,0.10230834
0,0,0.00021835174
0,0,0.056789733
0,0,0.2173233
1,1,0.988342
1,1,0.9722918
0,0,0.029754816
0,0,0.014410469
1,1,0.988941
0,0,0.014112027
1,1,0.9825994
1,1,0.97920084
0,0,0.109057695
0,0,0.009488034
0,0,0.30319276
0,0,0.1316859
1,1,0.5473123
0,0,0.100265875
0,0,0.20252681
0,0,0.2987117
0,0,0.20178966
0,0,0.14904524
0,0,0.051765934
0,0,0.24232183
0,0,0.16264376
0,0,0.18726967
1,1,0.985805
0,1,0.62127995
0,0,0.020248432
0,0,0.38168296
1,1,0.98563737
0,0,0.29315892
0,0,0.12981151
0,0,0.055972878
0,0,0.08578981
0,0,0.3842257
0,0,0.024601912
0,0,0.26392788
0,0,0.3368953
0,0,0.11641252
0,0,0.4441712
0,0,0.08174849
1,1,0.98833257
0,0,0.087563835
1,1,0.99552035
0,1,0.6968345
1,0,0.07481884
0,0,0.019581987
0,0,0.21984942
0,0,0.14001411
0,0,0.42947435
1,0,0.21487759
0,0,0.31407246
0,0,0.051091276
0,0,0.03401224
0,0,0.019578261
0,0,0.16092579
0,0,0.0046143048
1,1,0.9916807
0,0,0.051787276
0,0,0.065269396
0,0,0.019109212
1,0,0.2407212
0,0,0.3835523
0,0,0.0074708653
0,0,0.11188912
0,0,0.37015173
0,0,0.36566937
1,1,0.98194224
0,0,0.49855176
0,0,0.46495023
0,0,0.14598393
1,0,0.19266616
0,0,0.21102078
0,0,0.05855761
0,0,0.009759745
0,0,0.105206676
1,1,0.9989297
0,0,0.0036635918
0,0,0.20296909
0,0,0.07708342
0,0,0.004352733
0,0,0.13127685
0,0,0.4407287
0,0,0.0023624473
0,0,0.078893654
0,0,0.073032774
0,0,0.055388067
1,1,0.9419778
0,0,0.25182322
0,0,0.06077712
0,0,0.23285684
1,1,0.98363566
0,0,0.27374244
1,1,0.9777775
0,0,0.21072465
1,1,0.99598336
0,0,0.3938201
1,0,0.46683258
1,0,0.35249496
0,0,0.1024542
0,0,0.33350027
0,0,0.23544565
0,0,0.17389202
0,0,0.2881056
0,0,0.0007958498
1,1,0.98684096
0,0,0.022985261
0,0,0.13382827
0,0,0.20707409
1,1,0.9753787
0,0,0.0517366
1,0,0.41793978
0,0,0.1793446
0,0,0.016112125
0,0,0.48839822
0,0,0.00016848528
0,0,0.20901379
0,0,0.43057123
0,0,0.20382147
1,1,0.96110094
0,0,0.34555668
0,0,0.00070575456
0,0,0.10572574
0,0,0.02216973
0,0,0.0066693667
0,0,0.083798595
1,1,0.5966619
0,0,0.04406861
0,0,0.16719665
0,0,0.15155162
0,0,0.18861233
0,0,0.18041874
0,0,0.013547778
0,0,0.0013727602
0,0,0.10322937
0,0,0.14061688
1,0,0.49414772
0,0,0.015658848
0,0,0.18923396
0,0,0.31143156
0,0,0.056178965
0,0,0.36343345
0,0,0.3016018
0,1,0.57055897
0,0,0.21910031
0,0,0.078461565
0,0,0.0768753
0,0,0.030795155
0,0,0.14829049
0,0,0.13333642
0,0,0.012851467
0,0,0.16978352
1,1,0.98584855
0,0,0.25967556
0,0,0.24637733
1,1,0.9878391
0,0,0.3805446
0,0,0.3316452
1,1,0.987331
0,0,0.017911572
0,0,0.4563949
0,0,0.11069042
0,0,0.46966887
0,1,0.6773245
1,1,0.99928397
1,1,0.98896325
1,1,0.9812283
0,0,0.10595632
0,0,0.17759234
0,0,0.1166696
0,0,0.10214863
0,0,0.033114426
0,0,0.26892605
1,1,0.99703586
0,0,0.31577545
0,0,0.4366424
0,0,0.16396151
0,0,0.25012714
0,0,0.2063014
0,0,0.24908385
1,0,0.30880418
0,0,0.10413332
0,0,0.06175083
0,0,0.3472075
1,0,0.28117025
1,1,0.9053715
0,0,0.2630372
0,0,0.123196915
0,0,0.11861168
0,0,0.019725364
0,0,0.01640758
0,0,0.30128706
0,0,0.17749256
0,0,0.045829188
0,0,0.100213
0,0,0.20276277
0,0,0.01589153
0,0,0.06886549
0,1,0.55731297
1,1,0.9851324
1,1,0.9951454
0,0,0.11973257
0,0,0.08720548
1,1,0.98335016
0,0,0.0051439623
0,0,0.12766187
0,0,0.10875069
1,0,0.45187455
0,0,0.3993873
0,0,0.07671659
0,0,0.092909954
1,0,0.121780485
0,0,0.023167059
1,0,0.44942772
1,1,0.9924455
0,1,0.5768888
0,0,0.1768293
0,0,0.45030743
0,0,0.2279684
0,0,0.03389127
1,1,0.98966414
0,0,0.14965738
0,0,0.32793215
1,1,0.9896902
0,0,0.48719177
0,0,0.046772346
1,1,0.9779798
0,0,0.1685693
0,0,0.09262448
1,0,0.45774522
0,0,0.117117114
1,1,0.9647365
1,0,0.27657604
1,1,0.9802201
1,1,0.8815978
0,0,0.15213422
0,0,0.38980937
0,0,0.00027363948
0,0,0.16565338
0,0,0.07750129
0,0,0.004371357
0,0,0.29330483
0,0,0.34970754
0,0,0.0871247
1,0,0.4966915
1,1,0.99413496
0,0,0.12176463
0,0,0.019467596
1,1,0.7696796
1,1,0.9775914
0,0,0.31085038
0,0,0.35100445
0,0,0.48170835
0,0,0.2616802
0,0,0.089875214
0,0,0.2496801
0,0,0.022026608
0,0,0.09608278
0,0,0.30981508
0,0,0.0051483884
0,0,0.10171825
1,1,0.9916272
0,0,0.34374756
1,0,0.10666669
0,0,0.18647522
0,0,0.22447209
1,1,0.98483527
0,0,0.20956257
0,0,0.18848057
0,0,0.117879726
0,0,0.085160874
0,0,0.0026006424
0,0,0.02435596
1,1,0.863616
0,0,0.070094824
0,0,0.053029176
0,0,0.04231433
0,0,0.18926838
0,0,0.16903923
1,0,0.13963363
0,0,0.38811868
0,1,0.83518726
0,0,0.20297252
0,0,0.00623866
0,0,0.034442335
0,0,0.011081771
0,0,0.14565088
0,0,0.47132868
0,0,0.13942415
0,0,0.1448133
0,0,0.3468671
0,0,0.0023975335
0,0,0.10624318
0,0,0.2020714
0,0,0.046908285
0,0,0.20461936
0,0,0.18969385
0,0,0.31636837
1,1,0.9983687
0,0,0.083728366
0,0,0.22164418
0,0,0.0073276088
0,0,0.13802297
0,0,0.026034944
1,1,0.9886148
0,0,0.27451634
1,0,0.16726089
1,1,0.9802792
0,0,0.03625597
0,0,0.14517781
0,0,0.32717046
0,0,0.3477645
0,0,0.35109565
0,0,0.28273013
0,0,0.14069694
0,1,0.52951825
0,0,0.3937155
0,0,0.061944
0,1,0.8077683
0,1,0.6268896
0,0,0.06454227
0,0,0.22639765
1,1,0.9906882
1,1,0.6908794
0,0,0.16208787
0,0,0.11816054
1,1,0.879864
0,1,0.57223105
1,1,0.9919777
0,0,0.44942617
0,0,0.007854736
0,0,0.0112341745
0,0,0.08195216
1,0,0.27287307
0,0,0.06304573
0,0,0.110345826
0,0,0.4991825
1,1,0.65848345
0,0,0.0028463844
0,0,0.39303473
0,0,0.13605835
1,1,0.910589
0,0,0.20554498
0,0,0.3454424
0,0,0.08586534
0,0,0.15818955
0,0,0.110738054
1,0,0.25667146
0,0,0.010488873
1,1,0.99498403
1,1,0.9957509
0,0,0.012315157
0,0,0.014150757
0,0,0.14716737
0,0,0.0002806088
0,0,0.017255662
1,0,0.12354572
0,0,0.055299457
1,0,0.13078727
0,0,0.115778536
0,0,0.09111724
0,0,0.17025481
0,0,0.0026797084
0,0,0.20652135
1,0,0.3712088
0,0,0.26500964
1,1,0.9768163
0,0,0.062016774
1,1,0.9917435
1,1,0.68356186
0,0,0.0011297227
0,0,0.10742478
0,0,0.097353555
0,0,0.42548105
0,0,0.02388819
0,0,0.30831695
1,1,0.8785901
0,0,0.3802526
1,1,0.9492308
0,0,0.109943986
1,0,0.10302326
0,0,0.12516841
0,0,0.24293546
0,0,0.034308534
1,1,0.9797805
0,0,0.044649698
0,0,0.1480479
0,0,0.18567012
1,1,0.9857531
0,0,0.03769022
0,1,0.5417261
0,0,0.043701414
0,0,0.34363487
0,0,0.35796788
0,0,0.14249602
1,1,0.94388276
0,0,0.07864165
1,1,0.970763
0,0,0.1285815
0,0,0.13146959
1,1,0.9811972
1,1,0.9924705
0,0,0.13360067
0,0,0.121356755
0,0,0.00036937883
0,0,0.2067847
0,0,0.14520764
0,0,0.005142584
0,0,0.06808517
0,0,0.034768984
0,0,0.017652756
0,0,0.0059572584
1,1,0.9901968
0,0,0.2707504
1,1,0.9978479
0,0,0.35438597
0,0,0.17126927
0,0,0.040786643
0,0,0.13502403
0,0,0.38818356
1,1,0.9204621
0,0,0.0436903
0,0,0.47757822
0,0,0.2944995
0,0,0.15811804
0,0,0.10625578
1,1,0.9864516
0,0,0.28869325
0,0,0.10252616
1,1,0.99884015
1,1,0.9717845
0,0,0.0070642834
0,0,0.13495277
0,0,0.008747224
0,0,0.086317234
0,0,0.22139414
0,0,0.35130027
0,0,0.23750585
1,1,0.7283213
0,0,0.38326898
1,1,0.9544839
0,0,0.16654949
0,0,0.19866692
0,0,0.2259509
1,1,0.57944435
0,0,0.048886713
0,0,0.017325934
0,0,0.21832475
0,0,0.19390015
0,0,0.41984096
0,0,0.2179661
0,0,0.00061463856
0,0,0.1016787
0,0,0.37269044
1,1,0.9931202
0,0,0.18759617
0,0,0.10651648
0,0,0.2572404
0,0,0.022639707
0,0,0.030100387
0,0,0.028605243
0,0,0.28733844
1,1,0.9159173
1,0,0.43077528
1,0,0.1886975
0,0,0.38059506
0,0,0.37681112
0,0,0.24596481
0,0,0.25904408
0,0,0.029060617
1,0,0.4657592
0,0,0.054542117
0,0,0.30398443
0,0,0.17805089
0,0,0.034473103
0,0,0.12969644
0,0,0.01665173
0,0,0.33562154
0,0,0.1302796
0,0,0.27727538
0,0,0.14939924
0,0,0.4428624
0,0,0.017966606
1,0,0.3452609
0,1,0.5518065
0,0,0.0153114945
0,0,0.10143112
0,1,0.5748676
0,0,0.084883705
1,1,0.99336773
0,0,0.22596395
1,1,0.5870972
0,0,0.07271105
0,0,0.10775843
0,0,0.3871307
1,1,0.5187444
0,0,0.07186753
0,0,0.021634247
0,1,0.5420237
0,0,0.284894
0,0,0.1522041
1,0,0.2104835
1,1,0.97823346
0,0,0.005516853
0,0,0.008055458
0,0,0.0041027027
0,0,0.038785543
0,0,0.16399878
0,0,0.12427595
1,1,0.99271715
0,0,0.21621042
0,0,0.24750957
0,0,0.008666784
1,1,0.9959632
0,0,0.2128746
0,0,0.04422822
0,0,0.16043134
0,0,0.102982506
0,0,0.29133487
1,1,0.88446975
0,0,0.02135419
0,0,0.091573775
0,0,0.03006586
0,0,0.00015654246
1,1,0.99372214
0,0,0.047290884
0,0,0.01559753
0,0,0.045732774
0,0,0.19535702
0,0,0.1602443
1,1,0.9914636
0,0,0.041489564
0,0,0.44911
0,0,0.07120045
0,0,0.011370239
1,0,0.3681544
0,0,0.0908251
0,0,0.12648131
1,1,0.9789155
0,0,0.15235618
0,0,0.20725475
1,1,0.93760914
1,1,0.9485453
0,0,0.1544545
1,1,0.95491385
0,0,0.03680406
1,1,0.99025774
0,0,0.2622398
0,0,0.19273683
0,0,0.24401082
1,1,0.88987595
1,1,0.57919127
1,0,0.37233105
0,0,0.19552474
1,0,0.26437473
1,1,0.993148
1,0,0.19774117
0,0,0.34849033
0,0,0.0075205294
1,0,0.0688741
0,0,0.23040624
0,0,0.023674158
0,0,0.014672304
0,0,0.2577309
1,0,0.2694346
1,0,0.19988625
1,1,0.98376924
0,0,0.002365019
0,0,0.4292963
0,0,0.3929527
0,0,0.19225353
0,0,0.22164413
0,0,0.00040388043
0,0,0.04673797
0,0,0.27966753
0,0,0.25157705
1,0,0.27703378
1,1,0.99835795
0,0,0.16577426
0,0,0.002584867
0,0,0.16517715
0,0,0.35408512
1,1,0.8182729
0,0,0.07537905
0,1,0.59592086
0,0,0.00025066474
0,0,0.4147
0,0,0.082460955
0,0,0.04135515
0,0,0.25610137
0,0,0.07686105
0,0,0.19067255
1,1,0.99896693
0,0,0.0116755655
0,0,0.13565978
0,0,0.0058051157
0,0,0.24980631
0,0,0.0021336388
0,0,0.44418153
1,1,0.99833554
1,1,0.9152445
1,1,0.9649984
0,0,0.19067997
0,0,0.32310402
0,0,0.008253921
0,0,0.029224481
0,0,0.03394206
0,0,0.1721928
0,0,0.11120151
0,0,0.3859871
1,1,0.9878883
1,0,0.21379146
0,0,0.19046895
0,0,0.08295908
0,0,0.051348574
0,0,0.0919932
0,0,0.07557389
0,0,0.05310669
0,0,0.13538885
0,0,0.17088245
0,0,0.10425092
0,0,0.03465796
0,0,0.15399846
0,0,0.16739851
0,0,0.33496147
0,0,0.02625496
0,0,0.15043223
1,1,0.9977723
1,1,0.68047047
1,1,0.5517227
0,0,0.27729076
1,1,0.9606809
1,1,0.99145496
0,0,0.04646362
0,0,0.09922424
0,0,0.056924567
0,0,0.44217047
0,0,0.085929714
0,1,0.78599435
0,1,0.60969317
0,0,0.007878518
0,0,0.007335386
1,1,0.97512734
0,1,0.62838
0,0,0.0033864984
1,1,0.9728617
0,0,0.4872616
0,0,0.36290467
0,0,0.011648096
0,0,0.0100386785
0,0,0.32646024
1,1,0.969943
0,0,0.056861266
0,0,0.009997517
0,0,0.0007901784
0,0,0.18538757
1,1,0.998723
0,0,0.056623
0,0,0.0072696675
1,1,0.96519953
1,1,0.99535936
0,0,0.26277655
0,0,0.09810337
0,0,0.10848076
0,0,0.0026425438
0,0,0.13865179
0,1,0.5678575
0,1,0.635617
0,0,0.33773467
0,0,0.103195876
1,1,0.97729945
0,0,0.2712892
0,0,0.019670216
0,0,0.099698015
0,0,0.069817685
0,0,0.12703063
0,0,0.09320476
0,0,0.104866125
1,1,0.999329
0,0,0.13769446
0,0,0.33092836
0,0,0.28838453
0,0,0.06261925
0,0,0.28086853
0,0,0.31737497
0,0,0.07032316
0,0,0.06332782
0,0,0.009932802
0,0,0.08085623
1,0,0.2624616
0,1,0.5400937
0,0,0.13268863
1,1,0.5422489
1,1,0.8452911
0,0,0.09159374
0,1,0.500845
1,1,0.9838128
0,0,0.065407835
0,0,0.18201315
0,0,0.08414268
1,1,0.96163106
0,0,0.21908528
0,0,0.12798168
0,1,0.5410404
0,0,0.063042566
0,1,0.681928
0,0,0.010144268
1,1,0.9215433
1,1,0.9905968
0,0,0.18511236
0,0,0.40163526
0,0,0.14774327
0,0,0.32926068
1,0,0.26497182
1,1,0.99476385
0,0,0.13607316
0,0,0.006562219
0,0,0.06752533
0,0,0.32133844
0,1,0.54003966
0,0,0.053273734
0,0,0.2374225
0,0,0.014369228
0,0,0.11497675
0,0,0.009215524
0,0,0.0030272722
0,0,0.2826954
0,0,0.056879975
0,0,0.33660713
0,0,0.19023111
0,1,0.5538172
1,1,0.9806013
0,0,0.23155797
0,0,0.12752706
1,0,0.29741424
0,0,0.23360817
0,1,0.5992514
0,0,0.28802738
1,0,0.46490613
0,1,0.5993997
0,0,0.03632193
0,0,0.12261158
0,0,0.027062027
0,0,0.009898667
0,0,0.0027105424
0,0,0.34843966
0,0,0.0034674166
0,0,0.29287696
1,1,0.6375153
0,0,0.051931124
1,1,0.99866605
0,0,0.48415852
1,1,0.93150514
0,0,0.09078763
1,0,0.087711774
0,0,0.00033463797
0,0,0.08860392
1,1,0.9986009
0,0,0.022092842
0,0,0.08131974
0,0,0.19881234
0,0,0.20550005
0,0,0.10632059
1,1,0.9953387
0,0,0.29794782
0,0,0.04346108
0,0,0.2772561
0,0,0.11993194
0,0,0.0044966633
0,0,0.14028351
1,1,0.95526934
0,0,0.3938836
0,0,0.15530232
0,0,0.121898614
0,0,0.24550125
0,0,0.10301806
0,0,0.18095367
0,0,0.26786882
0,0,0.19111355
0,0,0.42263824
0,0,0.28655353
0,0,0.1027718
1,1,0.9657736
0,0,0.0012500713
0,0,0.27033213
0,0,0.20691971
0,0,0.001944757
0,0,0.45437708
0,0,0.19524205
0,0,0.11432096
0,0,0.010247108
0,0,0.37018263
1,1,0.538488
0,1,0.56900066
0,0,0.29629406
0,1,0.63091755
1,1,0.98209053
0,0,0.016005414
0,0,0.041900113
0,0,0.20042075
0,0,0.25654104
0,0,0.49930158
1,1,0.9882631
0,0,0.08196543
0,0,0.09803753
0,0,0.069856524
0,0,0.28869447
1,0,0.4218488
0,0,0.1440458
0,0,0.049408548
0,0,0.10767388
0,0,0.27858585
0,0,0.05250043
0,0,0.059641644
0,0,0.115052365
1,1,0.9343453
0,0,0.0899129
0,0,0.17604277
0,0,0.1175915
0,0,0.25742576
1,0,0.045437712
1,1,0.97080165
1,1,0.92628473
1,1,0.98304844
1,1,0.99410677
0,0,0.34951133
0,0,0.2620337
0,0,0.35272717
0,0,0.21914153
0,0,0.09446866
0,0,0.43347418
0,1,0.6967471
0,0,0.19190268
1,1,0.999705
0,0,0.3575649
0,0,0.13196085
0,0,0.0012999858
0,0,0.21076226
0,1,0.691027
1,1,0.98392475
0,0,0.0049314434
0,0,0.12532206
0,0,0.4507328
0,0,0.066266954
1,1,0.99017894
1,1,0.9476187
0,0,0.06403713
0,0,0.07682691
0,0,0.21879964
1,1,0.9638656
0,0,0.103026934
0,0,0.070054784
1,1,0.9829505
1,1,0.9762972
1,1,0.9295148
0,0,0.0109820785
0,0,0.089311965
0,0,0.26696175
0,0,0.12466542
0,0,0.16656296
0,0,0.0059928293
0,0,0.15514219
1,1,0.99727076
0,0,0.030941205
0,0,0.015264661
0,0,0.08129892
1,1,0.5512455
1,0,0.42231986
0,1,0.5851502
0,0,0.32974496
0,0,0.2034002
1,1,0.9841039
0,0,0.0076145018
0,0,0.21277085
0,0,0.065130055
1,1,0.9349876
1,1,0.9798677
0,0,0.17269723
0,0,0.33885577
1,1,0.9850985
0,0,0.013861262
1,1,0.52266604
0,0,0.12209933
1,1,0.9250064
1,0,0.29004255
1,0,0.16118796
0,0,0.070542164
0,0,0.025069276
0,0,0.008140698
0,0,0.09590188
1,0,0.2791191
0,0,0.21223812
0,0,0.0718451
0,0,0.11217632
0,0,0.05192487
0,1,0.6048487
0,0,0.0064829327
0,0,0.01081903
0,0,0.19485411
1,1,0.994079
0,0,0.19597383
0,0,0.2723348
0,0,0.46869126
0,0,0.020687584
1,1,0.99378914
1,1,0.99333775
0,0,0.062469274
0,0,0.073245436
0,0,0.0366543
0,0,0.10223458
1,0,0.23676215
0,0,0.3057434
0,0,0.3419907
1,0,0.37118697
0,0,0.16720062
0,0,0.18982941
0,0,0.29005185
0,0,0.079353504
0,0,0.0076400335
0,0,0.13867325
0,0,0.21453547
0,0,0.12819983
0,0,0.04954825
0,0,0.19274306
0,0,0.006463184
1,1,0.92960536
1,1,0.9837838
1,0,0.12531236
0,0,0.055226736
1,0,0.12662192
0,0,0.107756585
0,0,0.017770449
0,0,0.040548977
0,0,0.08804592
0,0,0.0968419
0,0,0.066598065
0,0,0.18858294
0,0,0.23803623
0,0,0.11586713
1,1,0.8663042
0,0,0.10697403
0,0,0.3195148
0,1,0.61292845
1,1,0.9946181
0,0,0.01170424
0,0,0.11139481
0,0,0.059621163
0,0,0.065511025
0,0,0.0054800045
0,0,0.15808514
0,0,0.3311821
0,0,0.1465655
0,0,0.35549593
0,0,0.21090369
0,0,0.3523309
0,0,0.18632926
0,0,0.12873489
0,0,0.10443379
1,1,0.9309157
1,1,0.6260631
0,0,0.21259187
0,0,0.08774205
0,0,0.039733294
0,0,0.20018798
0,0,0.0751192
0,0,0.12995848
0,0,0.0044739516
0,0,0.13744715
0,0,0.15335836
0,0,0.10428703
0,0,0.22534582
0,0,0.2197423
0,0,0.19553189
0,0,0.045814615
1,0,0.29983726
0,0,0.0018158954
0,0,0.23941158
0,1,0.6895532
1,1,0.5067251
1,1,0.5323539
1,1,0.9832153
0,0,0.0050037443
0,0,0.44998434
0,0,0.20751968
0,0,0.08359823
0,0,0.13103603
0,0,0.13371237
1,1,0.5864339
0,0,0.3823894
0,0,0.007691941
0,0,0.014263164
0,0,0.2045233
0,0,0.011983361
1,1,0.98745394
0,0,0.10043778
0,0,0.12982763
0,0,0.03650677
0,0,0.08250475
1,0,0.3254355
0,0,0.04074533
0,0,0.0028586208
0,0,0.2757471
0,0,0.08703636
0,0,0.34937948
0,0,0.15961927
0,0,0.003872642
0,0,0.3821229
1,0,0.3481123
0,0,0.24602287
0,0,0.1255862
0,0,0.2893859
0,0,0.065255
0,0,0.42248455
0,0,0.24266222
1,1,0.95224035
1,1,0.89495456
1,1,0.6102078
1,1,0.99133897
0,0,0.05395471
0,0,0.11443246
1,1,0.6222785
1,1,0.7510543
0,0,0.13642928
0,0,0.41794962
0,0,0.39886734
0,0,0.08962506
0,0,0.25713575
1,1,0.9868636
0,0,0.10110194
0,0,0.020848569
0,0,0.42642245
1,1,0.81300056
1,1,0.89581835
0,0,0.15613605
0,0,0.21347533
0,0,0.34478813
0,0,0.092055514
1,0,0.1321668
1,1,0.98778033
1,1,0.8062447
0,0,0.16120052
0,0,0.22231367
0,0,0.4194336
0,0,0.09905149
0,0,0.0073135365
0,0,0.17554483
0,0,0.3613142
0,0,0.038764678
0,0,0.2762653
0,0,0.013089566
0,0,0.04150742
0,0,0.0028442307
0,0,0.19006225
0,0,0.012279306
0,0,0.1956132
0,0,0.017974423
1,1,0.9497908
1,1,0.99315095
0,0,0.32559246
0,0,0.2789425
0,1,0.7220741
0,0,0.2591596
0,0,0.20415996
1,1,0.9925506
0,0,0.18735225
1,1,0.9523223
0,0,0.0042651207
1,0,0.2467762
0,0,0.42629573
0,0,0.1714791
0,0,0.002152399
0,0,0.092099026
0,0,0.3126788
1,1,0.9584573
0,0,0.14858167
0,1,0.51733893
1,1,0.9464687
0,0,0.020803954
0,0,0.15190734
0,1,0.5459823
1,1,0.54325575
0,0,0.42203876
1,0,0.22922547
0,0,0.276239
1,1,0.90178305
0,0,0.2811298
1,1,0.9831618
0,0,0.11024712
1,1,0.99053484
1,0,0.302461
0,0,0.3133607
0,0,0.040752973
1,1,0.9696088
0,0,0.21360701
1,1,0.99293023
0,0,0.04227375
1,0,0.4662225
0,0,0.16586825
0,1,0.59443796
1,1,0.9624322
0,0,0.0047447085
1,1,0.6140639
0,0,0.019928038
1,1,0.9971667
0,0,0.3576639
1,1,0.97533154
1,1,0.8639759
0,0,0.11223741
0,0,0.044173215
0,0,0.092419796
0,0,0.12316497
0,0,0.09242325
0,0,0.18820499
0,0,0.005745156
0,0,0.22443308
0,0,0.33614013
0,0,0.3162483
0,0,0.36736867
0,0,0.4698339
0,0,0.08570816
0,0,0.011992358
0,0,0.04762561
0,0,0.3122126
0,0,0.014497324
0,0,0.08290468
1,1,0.9442731
0,0,0.2742032
0,0,0.009228116
0,0,0.02837745
0,0,0.105525
1,0,0.39784405
0,0,0.21071127
0,0,0.0011097393
0,1,0.74151284
0,0,0.0029090715
0,0,0.42017382
0,0,0.3949096
0,0,0.0019352831
0,0,0.0648976
0,0,0.1189332
0,1,0.51151156
0,0,0.26015753
0,0,0.22973646
0,0,0.004841351
0,0,0.35621905
1,1,0.942871
0,0,0.35069034
0,1,0.55194587
1,0,0.1255659
0,0,0.46908423
0,0,0.12249158
0,1,0.6211022
0,0,0.12455419
1,1,0.9154748
1,0,0.2854922
1,1,0.8748327
0,0,0.14830278
0,0,0.24221419
0,0,0.07116076
0,0,0.3770436
1,1,0.99905664
1,1,0.99393094
0,0,0.33397394
0,0,0.008669963
0,0,0.27465314
0,0,0.05336505
0,0,0.2592164
0,0,0.024783455
0,0,0.0085529275
0,0,0.070585854
0,0,0.0020424149
0,0,0.028275039
0,0,0.22555497
0,0,0.1839224
0,0,0.052164417
0,0,0.35053876
0,0,0.11139478
0,0,0.24074496
0,0,0.18416627
0,0,0.12620868
0,0,0.12296083
0,0,0.369028
1,1,0.9960288
0,0,0.27607083
1,1,0.9888855
0,0,0.38131618
1,1,0.9832277
1,1,0.96108156
0,0,0.11744355
0,1,0.72246784
1,1,0.98566484
0,0,0.09417804
0,0,0.19939691
1,1,0.9802067
0,0,0.16428466
0,0,0.47468174
0,0,0.13504729
0,0,0.028185308
0,0,0.28545836
0,0,0.1402723
0,0,0.0039059063
1,0,0.3678512
1,1,0.8882479
0,0,0.47068352
0,0,0.44897148
1,1,0.98513955
0,0,0.17836447
1,1,0.85665375
0,1,0.55390203
0,0,0.41417104
0,0,0.2132613
0,0,0.16351418
0,0,0.0002491646
0,0,0.14846517
0,0,0.23873146
0,1,0.52202517
0,0,0.022360606
0,0,0.18908177
0,0,0.17441577
0,0,0.07907452
0,0,0.033891786
1,1,0.9549157
0,0,0.12409455
0,0,0.0026294421
1,1,0.76513255
0,0,0.17022674
1,1,0.9898886
1,1,0.97560114
0,0,0.21564908
0,0,0.28701723
0,0,0.09187364
1,1,0.9895918
0,0,0.16349174
0,0,0.3329828
0,0,0.12655693
0,0,0.0722512
0,0,0.1736561
0,0,0.16535717
0,0,0.073465295
0,0,0.23791233
1,0,0.22871296
0,0,0.26516616
0,0,0.4587333
1,0,0.45301157
0,0,0.09155739
0,0,0.313083
0,0,0.45499486
0,0,0.18119769
1,0,0.4585016
1,0,0.442474
1,1,0.85698766
0,0,0.23310842
0,0,0.4489588
0,0,0.05458749
0,0,0.017935645
1,1,0.9956109
0,0,0.17504936
0,0,0.1238476
0,0,0.016563838
1,1,0.987125
0,0,0.2519762
0,0,0.12962979
0,0,0.08061611
1,1,0.9947313
1,1,0.96103805
1,1,0.9489206
0,0,0.39768505
1,1,0.5841413
1,1,0.9888953
0,0,0.3878304
0,0,0.03149778
0,0,0.4360894
1,1,0.9997608
0,0,0.044963803
0,0,0.26102626
0,0,0.2687225
0,0,0.043187845
0,0,0.03808103
0,0,0.20916484
1,1,0.9744923
1,1,0.98796743
0,0,0.14847039
1,0,0.11782906
0,0,0.1646976
0,0,0.12975304
0,0,0.24752977
0,0,0.12488177
1,1,0.97096217
1,0,0.3731584
1,1,0.9143514
1,1,0.5294197
0,0,0.026922295
0,1,0.5752074
1,1,0.985239
0,0,0.3178798
0,0,0.009114912
0,0,0.2859805
1,1,0.53612286
1,1,0.9847289
0,1,0.5189972
1,0,0.22928058
0,0,0.1619432
0,0,0.03729806
0,0,0.0048254333
1,1,0.9872285
1,1,0.9940128
1,0,0.36795828
0,0,0.29676536
0,0,0.15536423
0,0,0.09493846
0,0,0.09840703
0,0,0.05944152
0,0,0.04268053
0,0,0.03497641
0,0,0.18084413
0,0,0.023250267
0,0,0.131398
0,0,0.4200146
0,0,0.09847266
0,0,0.20490824
0,0,0.08115313
0,0,0.26533192
0,0,0.4960588
0,0,0.18643893
0,0,0.008187712
0,0,0.17420268
0,0,0.07535059
0,0,0.40769854
0,0,0.42768613
0,1,0.51314443
1,0,0.23948364
0,0,0.14467327
0,0,0.42602682
0,0,0.4092186
0,0,0.3007387
0,0,0.09094375
0,0,0.2581514
0,0,0.120916635
0,0,0.43036646
0,0,0.3793928
0,1,0.5566094
0,0,0.21132465
1,1,0.97973484
0,0,0.14224166
0,0,0.37763348
0,1,0.77733445
0,0,0.21602969
0,0,0.018781763
0,0,0.099372335
0,0,0.20927764
0,0,0.31295854
0,0,0.09298809
1,1,0.9513676
0,0,0.11101406
0,0,0.20931773
0,0,0.25411034
0,0,0.23205379
0,0,0.056022804
1,1,0.9869773
1,1,0.9965024
1,1,0.9730372
0,0,0.19038427
0,0,0.16692153
1,1,0.99854636
1,1,0.5085125
0,0,0.0390708
0,0,0.11845364
0,0,0.0021040726
0,0,0.17558247
0,0,0.44912165
0,0,0.038778175
0,0,0.41509458
0,0,0.31327915
0,0,0.103017844
0,1,0.66551507
0,0,0.23154417
0,0,0.03667805
0,0,0.020662917
0,0,0.036381464
0,0,0.09774317
0,0,0.05987266
0,0,0.046870694
0,0,0.058550764
0,0,0.019120503
0,0,0.41321838
0,0,0.015082166
0,0,0.30460978
0,0,0.3432782
0,0,0.30066502
0,0,0.09288733
0,1,0.81406355
0,0,0.005944131
1,1,0.9817105
0,0,0.18821411
0,0,0.14843327
0,0,0.08685433
0,1,0.51078004
1,1,0.99932754
1,0,0.4772733
0,0,0.23000179
1,1,0.6264253
1,1,0.77676237
0,0,0.0791601
1,1,0.9889464
0,0,0.31974867
0,0,0.29919308
1,1,0.9973435
0,0,0.49240825
1,1,0.91409963
1,1,0.9575547
1,1,0.71867007
1,0,0.17956126
0,0,0.008436356
1,1,0.8202145
0,0,0.054982565
0,0,0.21606545
0,0,0.14162438
0,0,0.110193364
0,1,0.5417206
0,0,0.35277408
0,0,0.2764301
1,1,0.9858782
0,0,0.27228633
0,0,0.2137715
0,1,0.6091474
0,0,0.29733863
0,0,0.1788041
0,0,0.11198002
0,0,0.07935293
0,0,0.13874751
0,0,0.20108806
0,0,0.17307597
0,0,0.0018457833
0,0,0.10798926
0,0,0.01481662
1,1,0.9906126
0,0,0.11789943
1,1,0.59399754
0,0,0.2465
0,0,0.2435349
0,0,0.27910015
